{"function_name":"insertion_sort","input_size":1000,"duration_ms":6}
{"function_name":"bubble_sort","input_size":1000,"duration_ms":10}
{"function_name":"quick_sort","input_size":1000,"duration_ms":0}
{"function_name":"std_sort","input_size":1000,"duration_ms":0}
{"function_name":"insertion_sort","input_size":1000,"duration_ms":6}
{"function_name":"bubble_sort","input_size":1000,"duration_ms":10}
{"function_name":"quick_sort","input_size":1000,"duration_ms":0}
{"function_name":"std_sort","input_size":1000,"duration_ms":0}
{"function_name":"insertion_sort","input_size":1000,"duration_ms":6}
{"function_name":"bubble_sort","input_size":1000,"duration_ms":9}
{"function_name":"quick_sort","input_size":1000,"duration_ms":0}
{"function_name":"std_sort","input_size":1000,"duration_ms":0}
{"function_name":"insertion_sort","input_size":1000,"duration_ms":5}
{"function_name":"bubble_sort","input_size":1000,"duration_ms":9}
{"function_name":"quick_sort","input_size":1000,"duration_ms":0}
{"function_name":"std_sort","input_size":1000,"duration_ms":0}
{"function_name":"insertion_sort","input_size":1000,"duration_ms":5}
{"function_name":"bubble_sort","input_size":1000,"duration_ms":10}
{"function_name":"quick_sort","input_size":1000,"duration_ms":0}
{"function_name":"std_sort","input_size":1000,"duration_ms":0}
{"function_name":"insertion_sort","input_size":1000,"duration_ms":6}
{"function_name":"bubble_sort","input_size":1000,"duration_ms":9}
{"function_name":"quick_sort","input_size":1000,"duration_ms":0}
{"function_name":"std_sort","input_size":1000,"duration_ms":0}
{"function_name":"insertion_sort","input_size":1000,"duration_ms":5}
{"function_name":"bubble_sort","input_size":1000,"duration_ms":9}
{"function_name":"quick_sort","input_size":1000,"duration_ms":0}
{"function_name":"std_sort","input_size":1000,"duration_ms":0}
{"function_name":"insertion_sort","input_size":1000,"duration_ms":5}
{"function_name":"bubble_sort","input_size":1000,"duration_ms":9}
{"function_name":"quick_sort","input_size":1000,"duration_ms":0}
{"function_name":"std_sort","input_size":1000,"duration_ms":0}
{"function_name":"insertion_sort","input_size":1000,"duration_ms":6}
{"function_name":"bubble_sort","input_size":1000,"duration_ms":9}
{"function_name":"quick_sort","input_size":1000,"duration_ms":0}
{"function_name":"std_sort","input_size":1000,"duration_ms":0}
{"function_name":"insertion_sort","input_size":1000,"duration_ms":5}
{"function_name":"bubble_sort","input_size":1000,"duration_ms":9}
{"function_name":"quick_sort","input_size":1000,"duration_ms":0}
{"function_name":"std_sort","input_size":1000,"duration_ms":0}
{"function_name":"insertion_sort","input_size":1000,"duration_ms":5}
{"function_name":"bubble_sort","input_size":1000,"duration_ms":9}
{"function_name":"quick_sort","input_size":1000,"duration_ms":0}
{"function_name":"std_sort","input_size":1000,"duration_ms":0}
{"function_name":"insertion_sort","input_size":1000,"duration_ms":5}
{"function_name":"bubble_sort","input_size":1000,"duration_ms":9}
{"function_name":"quick_sort","input_size":1000,"duration_ms":0}
{"function_name":"std_sort","input_size":1000,"duration_ms":0}
{"function_name":"insertion_sort","input_size":1000,"duration_ms":5}
{"function_name":"bubble_sort","input_size":1000,"duration_ms":9}
{"function_name":"quick_sort","input_size":1000,"duration_ms":0}
{"function_name":"std_sort","input_size":1000,"duration_ms":0}
{"function_name":"insertion_sort","input_size":1000,"duration_ms":5}
{"function_name":"bubble_sort","input_size":1000,"duration_ms":9}
{"function_name":"quick_sort","input_size":1000,"duration_ms":0}
{"function_name":"std_sort","input_size":1000,"duration_ms":0}
{"function_name":"insertion_sort","input_size":1000,"duration_ms":5}
{"function_name":"bubble_sort","input_size":1000,"duration_ms":9}
{"function_name":"quick_sort","input_size":1000,"duration_ms":0}
{"function_name":"std_sort","input_size":1000,"duration_ms":0}
{"function_name":"insertion_sort","input_size":1000,"duration_ms":5}
{"function_name":"bubble_sort","input_size":1000,"duration_ms":9}
{"function_name":"quick_sort","input_size":1000,"duration_ms":0}
{"function_name":"std_sort","input_size":1000,"duration_ms":0}
{"function_name":"insertion_sort","input_size":1000,"duration_ms":5}
{"function_name":"bubble_sort","input_size":1000,"duration_ms":9}
{"function_name":"quick_sort","input_size":1000,"duration_ms":0}
{"function_name":"std_sort","input_size":1000,"duration_ms":0}
{"function_name":"insertion_sort","input_size":1000,"duration_ms":5}
{"function_name":"bubble_sort","input_size":1000,"duration_ms":9}
{"function_name":"quick_sort","input_size":1000,"duration_ms":0}
{"function_name":"std_sort","input_size":1000,"duration_ms":0}
{"function_name":"insertion_sort","input_size":1000,"duration_ms":5}
{"function_name":"bubble_sort","input_size":1000,"duration_ms":9}
{"function_name":"quick_sort","input_size":1000,"duration_ms":0}
{"function_name":"std_sort","input_size":1000,"duration_ms":0}
{"function_name":"insertion_sort","input_size":1000,"duration_ms":5}
{"function_name":"bubble_sort","input_size":1000,"duration_ms":9}
{"function_name":"quick_sort","input_size":1000,"duration_ms":0}
{"function_name":"std_sort","input_size":1000,"duration_ms":0}
{"function_name":"insertion_sort","input_size":2500,"duration_ms":37}
{"function_name":"bubble_sort","input_size":2500,"duration_ms":59}
{"function_name":"quick_sort","input_size":2500,"duration_ms":0}
{"function_name":"std_sort","input_size":2500,"duration_ms":0}
{"function_name":"insertion_sort","input_size":2500,"duration_ms":35}
{"function_name":"bubble_sort","input_size":2500,"duration_ms":59}
{"function_name":"quick_sort","input_size":2500,"duration_ms":0}
{"function_name":"std_sort","input_size":2500,"duration_ms":0}
{"function_name":"insertion_sort","input_size":2500,"duration_ms":35}
{"function_name":"bubble_sort","input_size":2500,"duration_ms":60}
{"function_name":"quick_sort","input_size":2500,"duration_ms":0}
{"function_name":"std_sort","input_size":2500,"duration_ms":0}
{"function_name":"insertion_sort","input_size":2500,"duration_ms":35}
{"function_name":"bubble_sort","input_size":2500,"duration_ms":59}
{"function_name":"quick_sort","input_size":2500,"duration_ms":0}
{"function_name":"std_sort","input_size":2500,"duration_ms":0}
{"function_name":"insertion_sort","input_size":2500,"duration_ms":35}
{"function_name":"bubble_sort","input_size":2500,"duration_ms":59}
{"function_name":"quick_sort","input_size":2500,"duration_ms":0}
{"function_name":"std_sort","input_size":2500,"duration_ms":0}
{"function_name":"insertion_sort","input_size":2500,"duration_ms":35}
{"function_name":"bubble_sort","input_size":2500,"duration_ms":59}
{"function_name":"quick_sort","input_size":2500,"duration_ms":0}
{"function_name":"std_sort","input_size":2500,"duration_ms":0}
{"function_name":"insertion_sort","input_size":2500,"duration_ms":35}
{"function_name":"bubble_sort","input_size":2500,"duration_ms":59}
{"function_name":"quick_sort","input_size":2500,"duration_ms":0}
{"function_name":"std_sort","input_size":2500,"duration_ms":0}
{"function_name":"insertion_sort","input_size":2500,"duration_ms":35}
{"function_name":"bubble_sort","input_size":2500,"duration_ms":59}
{"function_name":"quick_sort","input_size":2500,"duration_ms":0}
{"function_name":"std_sort","input_size":2500,"duration_ms":0}
{"function_name":"insertion_sort","input_size":2500,"duration_ms":35}
{"function_name":"bubble_sort","input_size":2500,"duration_ms":60}
{"function_name":"quick_sort","input_size":2500,"duration_ms":0}
{"function_name":"std_sort","input_size":2500,"duration_ms":0}
{"function_name":"insertion_sort","input_size":2500,"duration_ms":36}
{"function_name":"bubble_sort","input_size":2500,"duration_ms":59}
{"function_name":"quick_sort","input_size":2500,"duration_ms":0}
{"function_name":"std_sort","input_size":2500,"duration_ms":0}
{"function_name":"insertion_sort","input_size":2500,"duration_ms":35}
{"function_name":"bubble_sort","input_size":2500,"duration_ms":59}
{"function_name":"quick_sort","input_size":2500,"duration_ms":0}
{"function_name":"std_sort","input_size":2500,"duration_ms":0}
{"function_name":"insertion_sort","input_size":2500,"duration_ms":35}
{"function_name":"bubble_sort","input_size":2500,"duration_ms":59}
{"function_name":"quick_sort","input_size":2500,"duration_ms":0}
{"function_name":"std_sort","input_size":2500,"duration_ms":0}
{"function_name":"insertion_sort","input_size":2500,"duration_ms":35}
{"function_name":"bubble_sort","input_size":2500,"duration_ms":60}
{"function_name":"quick_sort","input_size":2500,"duration_ms":0}
{"function_name":"std_sort","input_size":2500,"duration_ms":0}
{"function_name":"insertion_sort","input_size":2500,"duration_ms":36}
{"function_name":"bubble_sort","input_size":2500,"duration_ms":60}
{"function_name":"quick_sort","input_size":2500,"duration_ms":0}
{"function_name":"std_sort","input_size":2500,"duration_ms":0}
{"function_name":"insertion_sort","input_size":2500,"duration_ms":36}
{"function_name":"bubble_sort","input_size":2500,"duration_ms":59}
{"function_name":"quick_sort","input_size":2500,"duration_ms":0}
{"function_name":"std_sort","input_size":2500,"duration_ms":0}
{"function_name":"insertion_sort","input_size":2500,"duration_ms":36}
{"function_name":"bubble_sort","input_size":2500,"duration_ms":59}
{"function_name":"quick_sort","input_size":2500,"duration_ms":0}
{"function_name":"std_sort","input_size":2500,"duration_ms":0}
{"function_name":"insertion_sort","input_size":2500,"duration_ms":35}
{"function_name":"bubble_sort","input_size":2500,"duration_ms":59}
{"function_name":"quick_sort","input_size":2500,"duration_ms":0}
{"function_name":"std_sort","input_size":2500,"duration_ms":0}
{"function_name":"insertion_sort","input_size":2500,"duration_ms":35}
{"function_name":"bubble_sort","input_size":2500,"duration_ms":59}
{"function_name":"quick_sort","input_size":2500,"duration_ms":0}
{"function_name":"std_sort","input_size":2500,"duration_ms":0}
{"function_name":"insertion_sort","input_size":2500,"duration_ms":35}
{"function_name":"bubble_sort","input_size":2500,"duration_ms":60}
{"function_name":"quick_sort","input_size":2500,"duration_ms":0}
{"function_name":"std_sort","input_size":2500,"duration_ms":0}
{"function_name":"insertion_sort","input_size":2500,"duration_ms":35}
{"function_name":"bubble_sort","input_size":2500,"duration_ms":59}
{"function_name":"quick_sort","input_size":2500,"duration_ms":0}
{"function_name":"std_sort","input_size":2500,"duration_ms":0}
{"function_name":"insertion_sort","input_size":5000,"duration_ms":145}
{"function_name":"bubble_sort","input_size":5000,"duration_ms":243}
{"function_name":"quick_sort","input_size":5000,"duration_ms":0}
{"function_name":"std_sort","input_size":5000,"duration_ms":0}
{"function_name":"insertion_sort","input_size":5000,"duration_ms":142}
{"function_name":"bubble_sort","input_size":5000,"duration_ms":243}
{"function_name":"quick_sort","input_size":5000,"duration_ms":1}
{"function_name":"std_sort","input_size":5000,"duration_ms":0}
{"function_name":"insertion_sort","input_size":5000,"duration_ms":149}
{"function_name":"bubble_sort","input_size":5000,"duration_ms":245}
{"function_name":"quick_sort","input_size":5000,"duration_ms":0}
{"function_name":"std_sort","input_size":5000,"duration_ms":0}
{"function_name":"insertion_sort","input_size":5000,"duration_ms":148}
{"function_name":"bubble_sort","input_size":5000,"duration_ms":238}
{"function_name":"quick_sort","input_size":5000,"duration_ms":0}
{"function_name":"std_sort","input_size":5000,"duration_ms":0}
{"function_name":"insertion_sort","input_size":5000,"duration_ms":146}
{"function_name":"bubble_sort","input_size":5000,"duration_ms":244}
{"function_name":"quick_sort","input_size":5000,"duration_ms":1}
{"function_name":"std_sort","input_size":5000,"duration_ms":0}
{"function_name":"insertion_sort","input_size":5000,"duration_ms":150}
{"function_name":"bubble_sort","input_size":5000,"duration_ms":249}
{"function_name":"quick_sort","input_size":5000,"duration_ms":1}
{"function_name":"std_sort","input_size":5000,"duration_ms":0}
{"function_name":"insertion_sort","input_size":5000,"duration_ms":150}
{"function_name":"bubble_sort","input_size":5000,"duration_ms":286}
{"function_name":"quick_sort","input_size":5000,"duration_ms":1}
{"function_name":"std_sort","input_size":5000,"duration_ms":0}
{"function_name":"insertion_sort","input_size":5000,"duration_ms":151}
{"function_name":"bubble_sort","input_size":5000,"duration_ms":249}
{"function_name":"quick_sort","input_size":5000,"duration_ms":1}
{"function_name":"std_sort","input_size":5000,"duration_ms":0}
{"function_name":"insertion_sort","input_size":5000,"duration_ms":148}
{"function_name":"bubble_sort","input_size":5000,"duration_ms":247}
{"function_name":"quick_sort","input_size":5000,"duration_ms":1}
{"function_name":"std_sort","input_size":5000,"duration_ms":0}
{"function_name":"insertion_sort","input_size":5000,"duration_ms":154}
{"function_name":"bubble_sort","input_size":5000,"duration_ms":239}
{"function_name":"quick_sort","input_size":5000,"duration_ms":0}
{"function_name":"std_sort","input_size":5000,"duration_ms":0}
{"function_name":"insertion_sort","input_size":5000,"duration_ms":145}
{"function_name":"bubble_sort","input_size":5000,"duration_ms":248}
{"function_name":"quick_sort","input_size":5000,"duration_ms":0}
{"function_name":"std_sort","input_size":5000,"duration_ms":0}
{"function_name":"insertion_sort","input_size":5000,"duration_ms":146}
{"function_name":"bubble_sort","input_size":5000,"duration_ms":245}
{"function_name":"quick_sort","input_size":5000,"duration_ms":0}
{"function_name":"std_sort","input_size":5000,"duration_ms":0}
{"function_name":"insertion_sort","input_size":5000,"duration_ms":151}
{"function_name":"bubble_sort","input_size":5000,"duration_ms":250}
{"function_name":"quick_sort","input_size":5000,"duration_ms":1}
{"function_name":"std_sort","input_size":5000,"duration_ms":0}
{"function_name":"insertion_sort","input_size":5000,"duration_ms":149}
{"function_name":"bubble_sort","input_size":5000,"duration_ms":249}
{"function_name":"quick_sort","input_size":5000,"duration_ms":1}
{"function_name":"std_sort","input_size":5000,"duration_ms":0}
{"function_name":"insertion_sort","input_size":5000,"duration_ms":148}
{"function_name":"bubble_sort","input_size":5000,"duration_ms":242}
{"function_name":"quick_sort","input_size":5000,"duration_ms":0}
{"function_name":"std_sort","input_size":5000,"duration_ms":0}
{"function_name":"insertion_sort","input_size":5000,"duration_ms":142}
{"function_name":"bubble_sort","input_size":5000,"duration_ms":248}
{"function_name":"quick_sort","input_size":5000,"duration_ms":0}
{"function_name":"std_sort","input_size":5000,"duration_ms":0}
{"function_name":"insertion_sort","input_size":5000,"duration_ms":150}
{"function_name":"bubble_sort","input_size":5000,"duration_ms":249}
{"function_name":"quick_sort","input_size":5000,"duration_ms":1}
{"function_name":"std_sort","input_size":5000,"duration_ms":0}
{"function_name":"insertion_sort","input_size":5000,"duration_ms":149}
{"function_name":"bubble_sort","input_size":5000,"duration_ms":242}
{"function_name":"quick_sort","input_size":5000,"duration_ms":1}
{"function_name":"std_sort","input_size":5000,"duration_ms":0}
{"function_name":"insertion_sort","input_size":5000,"duration_ms":146}
{"function_name":"bubble_sort","input_size":5000,"duration_ms":246}
{"function_name":"quick_sort","input_size":5000,"duration_ms":0}
{"function_name":"std_sort","input_size":5000,"duration_ms":0}
{"function_name":"insertion_sort","input_size":5000,"duration_ms":149}
{"function_name":"bubble_sort","input_size":5000,"duration_ms":247}
{"function_name":"quick_sort","input_size":5000,"duration_ms":1}
{"function_name":"std_sort","input_size":5000,"duration_ms":0}
{"function_name":"insertion_sort","input_size":10000,"duration_ms":592}
{"function_name":"bubble_sort","input_size":10000,"duration_ms":983}
{"function_name":"quick_sort","input_size":10000,"duration_ms":2}
{"function_name":"std_sort","input_size":10000,"duration_ms":1}
{"function_name":"insertion_sort","input_size":10000,"duration_ms":581}
{"function_name":"bubble_sort","input_size":10000,"duration_ms":954}
{"function_name":"quick_sort","input_size":10000,"duration_ms":2}
{"function_name":"std_sort","input_size":10000,"duration_ms":1}
{"function_name":"insertion_sort","input_size":10000,"duration_ms":586}
{"function_name":"bubble_sort","input_size":10000,"duration_ms":954}
{"function_name":"quick_sort","input_size":10000,"duration_ms":2}
{"function_name":"std_sort","input_size":10000,"duration_ms":1}
{"function_name":"insertion_sort","input_size":10000,"duration_ms":593}
{"function_name":"bubble_sort","input_size":10000,"duration_ms":993}
{"function_name":"quick_sort","input_size":10000,"duration_ms":2}
{"function_name":"std_sort","input_size":10000,"duration_ms":1}
{"function_name":"insertion_sort","input_size":10000,"duration_ms":591}
{"function_name":"bubble_sort","input_size":10000,"duration_ms":995}
{"function_name":"quick_sort","input_size":10000,"duration_ms":2}
{"function_name":"std_sort","input_size":10000,"duration_ms":1}
{"function_name":"insertion_sort","input_size":10000,"duration_ms":598}
{"function_name":"bubble_sort","input_size":10000,"duration_ms":992}
{"function_name":"quick_sort","input_size":10000,"duration_ms":2}
{"function_name":"std_sort","input_size":10000,"duration_ms":1}
{"function_name":"insertion_sort","input_size":10000,"duration_ms":608}
{"function_name":"bubble_sort","input_size":10000,"duration_ms":1004}
{"function_name":"quick_sort","input_size":10000,"duration_ms":2}
{"function_name":"std_sort","input_size":10000,"duration_ms":1}
{"function_name":"insertion_sort","input_size":10000,"duration_ms":573}
{"function_name":"bubble_sort","input_size":10000,"duration_ms":965}
{"function_name":"quick_sort","input_size":10000,"duration_ms":2}
{"function_name":"std_sort","input_size":10000,"duration_ms":1}
{"function_name":"insertion_sort","input_size":10000,"duration_ms":586}
{"function_name":"bubble_sort","input_size":10000,"duration_ms":993}
{"function_name":"quick_sort","input_size":10000,"duration_ms":2}
{"function_name":"std_sort","input_size":10000,"duration_ms":1}
{"function_name":"insertion_sort","input_size":10000,"duration_ms":602}
{"function_name":"bubble_sort","input_size":10000,"duration_ms":990}
{"function_name":"quick_sort","input_size":10000,"duration_ms":2}
{"function_name":"std_sort","input_size":10000,"duration_ms":1}
{"function_name":"insertion_sort","input_size":10000,"duration_ms":583}
{"function_name":"bubble_sort","input_size":10000,"duration_ms":946}
{"function_name":"quick_sort","input_size":10000,"duration_ms":2}
{"function_name":"std_sort","input_size":10000,"duration_ms":1}
{"function_name":"insertion_sort","input_size":10000,"duration_ms":565}
{"function_name":"bubble_sort","input_size":10000,"duration_ms":950}
{"function_name":"quick_sort","input_size":10000,"duration_ms":2}
{"function_name":"std_sort","input_size":10000,"duration_ms":1}
{"function_name":"insertion_sort","input_size":10000,"duration_ms":581}
{"function_name":"bubble_sort","input_size":10000,"duration_ms":950}
{"function_name":"quick_sort","input_size":10000,"duration_ms":2}
{"function_name":"std_sort","input_size":10000,"duration_ms":1}
{"function_name":"insertion_sort","input_size":10000,"duration_ms":567}
{"function_name":"bubble_sort","input_size":10000,"duration_ms":947}
{"function_name":"quick_sort","input_size":10000,"duration_ms":2}
{"function_name":"std_sort","input_size":10000,"duration_ms":1}
{"function_name":"insertion_sort","input_size":10000,"duration_ms":579}
{"function_name":"bubble_sort","input_size":10000,"duration_ms":960}
{"function_name":"quick_sort","input_size":10000,"duration_ms":2}
{"function_name":"std_sort","input_size":10000,"duration_ms":1}
{"function_name":"insertion_sort","input_size":10000,"duration_ms":573}
{"function_name":"bubble_sort","input_size":10000,"duration_ms":956}
{"function_name":"quick_sort","input_size":10000,"duration_ms":2}
{"function_name":"std_sort","input_size":10000,"duration_ms":1}
{"function_name":"insertion_sort","input_size":10000,"duration_ms":580}
{"function_name":"bubble_sort","input_size":10000,"duration_ms":951}
{"function_name":"quick_sort","input_size":10000,"duration_ms":2}
{"function_name":"std_sort","input_size":10000,"duration_ms":1}
{"function_name":"insertion_sort","input_size":10000,"duration_ms":575}
{"function_name":"bubble_sort","input_size":10000,"duration_ms":948}
{"function_name":"quick_sort","input_size":10000,"duration_ms":2}
{"function_name":"std_sort","input_size":10000,"duration_ms":1}
{"function_name":"insertion_sort","input_size":10000,"duration_ms":576}
{"function_name":"bubble_sort","input_size":10000,"duration_ms":950}
{"function_name":"quick_sort","input_size":10000,"duration_ms":2}
{"function_name":"std_sort","input_size":10000,"duration_ms":1}
{"function_name":"insertion_sort","input_size":10000,"duration_ms":564}
{"function_name":"bubble_sort","input_size":10000,"duration_ms":942}
{"function_name":"quick_sort","input_size":10000,"duration_ms":2}
{"function_name":"std_sort","input_size":10000,"duration_ms":1}
{"function_name":"insertion_sort","input_size":1000,"duration_ms":16}
{"function_name":"bubble_sort","input_size":1000,"duration_ms":14}
{"function_name":"quick_sort","input_size":1000,"duration_ms":0}
{"function_name":"std_sort","input_size":1000,"duration_ms":0}
{"function_name":"insertion_sort","input_size":1000,"duration_ms":6}
{"function_name":"bubble_sort","input_size":1000,"duration_ms":10}
{"function_name":"quick_sort","input_size":1000,"duration_ms":0}
{"function_name":"std_sort","input_size":1000,"duration_ms":0}
{"function_name":"insertion_sort","input_size":1000,"duration_ms":6}
{"function_name":"bubble_sort","input_size":1000,"duration_ms":10}
{"function_name":"quick_sort","input_size":1000,"duration_ms":0}
{"function_name":"std_sort","input_size":1000,"duration_ms":0}
{"function_name":"insertion_sort","input_size":1000,"duration_ms":6}
{"function_name":"bubble_sort","input_size":1000,"duration_ms":10}
{"function_name":"quick_sort","input_size":1000,"duration_ms":0}
{"function_name":"std_sort","input_size":1000,"duration_ms":0}
{"function_name":"insertion_sort","input_size":1000,"duration_ms":6}
{"function_name":"bubble_sort","input_size":1000,"duration_ms":10}
{"function_name":"quick_sort","input_size":1000,"duration_ms":0}
{"function_name":"std_sort","input_size":1000,"duration_ms":0}
{"function_name":"insertion_sort","input_size":1000,"duration_ms":6}
{"function_name":"bubble_sort","input_size":1000,"duration_ms":11}
{"function_name":"quick_sort","input_size":1000,"duration_ms":0}
{"function_name":"std_sort","input_size":1000,"duration_ms":0}
{"function_name":"insertion_sort","input_size":1000,"duration_ms":6}
{"function_name":"bubble_sort","input_size":1000,"duration_ms":10}
{"function_name":"quick_sort","input_size":1000,"duration_ms":0}
{"function_name":"std_sort","input_size":1000,"duration_ms":0}
{"function_name":"insertion_sort","input_size":1000,"duration_ms":6}
{"function_name":"bubble_sort","input_size":1000,"duration_ms":10}
{"function_name":"quick_sort","input_size":1000,"duration_ms":0}
{"function_name":"std_sort","input_size":1000,"duration_ms":0}
{"function_name":"insertion_sort","input_size":1000,"duration_ms":6}
{"function_name":"bubble_sort","input_size":1000,"duration_ms":10}
{"function_name":"quick_sort","input_size":1000,"duration_ms":0}
{"function_name":"std_sort","input_size":1000,"duration_ms":0}
{"function_name":"insertion_sort","input_size":1000,"duration_ms":5}
{"function_name":"bubble_sort","input_size":1000,"duration_ms":10}
{"function_name":"quick_sort","input_size":1000,"duration_ms":0}
{"function_name":"std_sort","input_size":1000,"duration_ms":0}
{"function_name":"insertion_sort","input_size":1000,"duration_ms":6}
{"function_name":"bubble_sort","input_size":1000,"duration_ms":10}
{"function_name":"quick_sort","input_size":1000,"duration_ms":0}
{"function_name":"std_sort","input_size":1000,"duration_ms":0}
{"function_name":"insertion_sort","input_size":1000,"duration_ms":6}
{"function_name":"bubble_sort","input_size":1000,"duration_ms":10}
{"function_name":"quick_sort","input_size":1000,"duration_ms":0}
{"function_name":"std_sort","input_size":1000,"duration_ms":0}
{"function_name":"insertion_sort","input_size":1000,"duration_ms":6}
{"function_name":"bubble_sort","input_size":1000,"duration_ms":10}
{"function_name":"quick_sort","input_size":1000,"duration_ms":0}
{"function_name":"std_sort","input_size":1000,"duration_ms":0}
{"function_name":"insertion_sort","input_size":1000,"duration_ms":6}
{"function_name":"bubble_sort","input_size":1000,"duration_ms":10}
{"function_name":"quick_sort","input_size":1000,"duration_ms":0}
{"function_name":"std_sort","input_size":1000,"duration_ms":0}
{"function_name":"insertion_sort","input_size":1000,"duration_ms":6}
{"function_name":"bubble_sort","input_size":1000,"duration_ms":10}
{"function_name":"quick_sort","input_size":1000,"duration_ms":0}
{"function_name":"std_sort","input_size":1000,"duration_ms":0}
{"function_name":"insertion_sort","input_size":1000,"duration_ms":6}
{"function_name":"bubble_sort","input_size":1000,"duration_ms":10}
{"function_name":"quick_sort","input_size":1000,"duration_ms":0}
{"function_name":"std_sort","input_size":1000,"duration_ms":0}
{"function_name":"insertion_sort","input_size":1000,"duration_ms":6}
{"function_name":"bubble_sort","input_size":1000,"duration_ms":10}
{"function_name":"quick_sort","input_size":1000,"duration_ms":0}
{"function_name":"std_sort","input_size":1000,"duration_ms":0}
{"function_name":"insertion_sort","input_size":1000,"duration_ms":6}
{"function_name":"bubble_sort","input_size":1000,"duration_ms":10}
{"function_name":"quick_sort","input_size":1000,"duration_ms":0}
{"function_name":"std_sort","input_size":1000,"duration_ms":0}
{"function_name":"insertion_sort","input_size":1000,"duration_ms":6}
{"function_name":"bubble_sort","input_size":1000,"duration_ms":10}
{"function_name":"quick_sort","input_size":1000,"duration_ms":0}
{"function_name":"std_sort","input_size":1000,"duration_ms":0}
{"function_name":"insertion_sort","input_size":1000,"duration_ms":6}
{"function_name":"bubble_sort","input_size":1000,"duration_ms":10}
{"function_name":"quick_sort","input_size":1000,"duration_ms":0}
{"function_name":"std_sort","input_size":1000,"duration_ms":0}
{"function_name":"insertion_sort","input_size":2500,"duration_ms":38}
{"function_name":"bubble_sort","input_size":2500,"duration_ms":64}
{"function_name":"quick_sort","input_size":2500,"duration_ms":0}
{"function_name":"std_sort","input_size":2500,"duration_ms":0}
{"function_name":"insertion_sort","input_size":2500,"duration_ms":38}
{"function_name":"bubble_sort","input_size":2500,"duration_ms":66}
{"function_name":"quick_sort","input_size":2500,"duration_ms":0}
{"function_name":"std_sort","input_size":2500,"duration_ms":0}
{"function_name":"insertion_sort","input_size":2500,"duration_ms":39}
{"function_name":"bubble_sort","input_size":2500,"duration_ms":64}
{"function_name":"quick_sort","input_size":2500,"duration_ms":0}
{"function_name":"std_sort","input_size":2500,"duration_ms":0}
{"function_name":"insertion_sort","input_size":2500,"duration_ms":38}
{"function_name":"bubble_sort","input_size":2500,"duration_ms":64}
{"function_name":"quick_sort","input_size":2500,"duration_ms":0}
{"function_name":"std_sort","input_size":2500,"duration_ms":0}
{"function_name":"insertion_sort","input_size":2500,"duration_ms":38}
{"function_name":"bubble_sort","input_size":2500,"duration_ms":64}
{"function_name":"quick_sort","input_size":2500,"duration_ms":0}
{"function_name":"std_sort","input_size":2500,"duration_ms":0}
{"function_name":"insertion_sort","input_size":2500,"duration_ms":39}
{"function_name":"bubble_sort","input_size":2500,"duration_ms":63}
{"function_name":"quick_sort","input_size":2500,"duration_ms":0}
{"function_name":"std_sort","input_size":2500,"duration_ms":0}
{"function_name":"insertion_sort","input_size":2500,"duration_ms":37}
{"function_name":"bubble_sort","input_size":2500,"duration_ms":63}
{"function_name":"quick_sort","input_size":2500,"duration_ms":0}
{"function_name":"std_sort","input_size":2500,"duration_ms":0}
{"function_name":"insertion_sort","input_size":2500,"duration_ms":37}
{"function_name":"bubble_sort","input_size":2500,"duration_ms":63}
{"function_name":"quick_sort","input_size":2500,"duration_ms":0}
{"function_name":"std_sort","input_size":2500,"duration_ms":0}
{"function_name":"insertion_sort","input_size":2500,"duration_ms":39}
{"function_name":"bubble_sort","input_size":2500,"duration_ms":63}
{"function_name":"quick_sort","input_size":2500,"duration_ms":0}
{"function_name":"std_sort","input_size":2500,"duration_ms":0}
{"function_name":"insertion_sort","input_size":2500,"duration_ms":37}
{"function_name":"bubble_sort","input_size":2500,"duration_ms":62}
{"function_name":"quick_sort","input_size":2500,"duration_ms":0}
{"function_name":"std_sort","input_size":2500,"duration_ms":0}
{"function_name":"insertion_sort","input_size":2500,"duration_ms":38}
{"function_name":"bubble_sort","input_size":2500,"duration_ms":63}
{"function_name":"quick_sort","input_size":2500,"duration_ms":0}
{"function_name":"std_sort","input_size":2500,"duration_ms":0}
{"function_name":"insertion_sort","input_size":2500,"duration_ms":38}
{"function_name":"bubble_sort","input_size":2500,"duration_ms":63}
{"function_name":"quick_sort","input_size":2500,"duration_ms":0}
{"function_name":"std_sort","input_size":2500,"duration_ms":0}
{"function_name":"insertion_sort","input_size":2500,"duration_ms":37}
{"function_name":"bubble_sort","input_size":2500,"duration_ms":63}
{"function_name":"quick_sort","input_size":2500,"duration_ms":0}
{"function_name":"std_sort","input_size":2500,"duration_ms":0}
{"function_name":"insertion_sort","input_size":2500,"duration_ms":37}
{"function_name":"bubble_sort","input_size":2500,"duration_ms":63}
{"function_name":"quick_sort","input_size":2500,"duration_ms":0}
{"function_name":"std_sort","input_size":2500,"duration_ms":0}
{"function_name":"insertion_sort","input_size":2500,"duration_ms":37}
{"function_name":"bubble_sort","input_size":2500,"duration_ms":63}
{"function_name":"quick_sort","input_size":2500,"duration_ms":0}
{"function_name":"std_sort","input_size":2500,"duration_ms":0}
{"function_name":"insertion_sort","input_size":2500,"duration_ms":37}
{"function_name":"bubble_sort","input_size":2500,"duration_ms":63}
{"function_name":"quick_sort","input_size":2500,"duration_ms":0}
{"function_name":"std_sort","input_size":2500,"duration_ms":0}
{"function_name":"insertion_sort","input_size":2500,"duration_ms":38}
{"function_name":"bubble_sort","input_size":2500,"duration_ms":64}
{"function_name":"quick_sort","input_size":2500,"duration_ms":0}
{"function_name":"std_sort","input_size":2500,"duration_ms":0}
{"function_name":"insertion_sort","input_size":2500,"duration_ms":38}
{"function_name":"bubble_sort","input_size":2500,"duration_ms":63}
{"function_name":"quick_sort","input_size":2500,"duration_ms":0}
{"function_name":"std_sort","input_size":2500,"duration_ms":0}
{"function_name":"insertion_sort","input_size":2500,"duration_ms":37}
{"function_name":"bubble_sort","input_size":2500,"duration_ms":63}
{"function_name":"quick_sort","input_size":2500,"duration_ms":0}
{"function_name":"std_sort","input_size":2500,"duration_ms":0}
{"function_name":"insertion_sort","input_size":2500,"duration_ms":38}
{"function_name":"bubble_sort","input_size":2500,"duration_ms":64}
{"function_name":"quick_sort","input_size":2500,"duration_ms":0}
{"function_name":"std_sort","input_size":2500,"duration_ms":0}
{"function_name":"insertion_sort","input_size":5000,"duration_ms":153}
{"function_name":"bubble_sort","input_size":5000,"duration_ms":254}
{"function_name":"quick_sort","input_size":5000,"duration_ms":1}
{"function_name":"std_sort","input_size":5000,"duration_ms":0}
{"function_name":"insertion_sort","input_size":5000,"duration_ms":157}
{"function_name":"bubble_sort","input_size":5000,"duration_ms":256}
{"function_name":"quick_sort","input_size":5000,"duration_ms":1}
{"function_name":"std_sort","input_size":5000,"duration_ms":0}
{"function_name":"insertion_sort","input_size":5000,"duration_ms":157}
{"function_name":"bubble_sort","input_size":5000,"duration_ms":255}
{"function_name":"quick_sort","input_size":5000,"duration_ms":1}
{"function_name":"std_sort","input_size":5000,"duration_ms":0}
{"function_name":"insertion_sort","input_size":5000,"duration_ms":153}
{"function_name":"bubble_sort","input_size":5000,"duration_ms":253}
{"function_name":"quick_sort","input_size":5000,"duration_ms":1}
{"function_name":"std_sort","input_size":5000,"duration_ms":0}
{"function_name":"insertion_sort","input_size":5000,"duration_ms":156}
{"function_name":"bubble_sort","input_size":5000,"duration_ms":254}
{"function_name":"quick_sort","input_size":5000,"duration_ms":1}
{"function_name":"std_sort","input_size":5000,"duration_ms":0}
{"function_name":"insertion_sort","input_size":5000,"duration_ms":153}
{"function_name":"bubble_sort","input_size":5000,"duration_ms":257}
{"function_name":"quick_sort","input_size":5000,"duration_ms":1}
{"function_name":"std_sort","input_size":5000,"duration_ms":0}
{"function_name":"insertion_sort","input_size":5000,"duration_ms":156}
{"function_name":"bubble_sort","input_size":5000,"duration_ms":254}
{"function_name":"quick_sort","input_size":5000,"duration_ms":1}
{"function_name":"std_sort","input_size":5000,"duration_ms":0}
{"function_name":"insertion_sort","input_size":5000,"duration_ms":155}
{"function_name":"bubble_sort","input_size":5000,"duration_ms":254}
{"function_name":"quick_sort","input_size":5000,"duration_ms":1}
{"function_name":"std_sort","input_size":5000,"duration_ms":0}
{"function_name":"insertion_sort","input_size":5000,"duration_ms":156}
{"function_name":"bubble_sort","input_size":5000,"duration_ms":253}
{"function_name":"quick_sort","input_size":5000,"duration_ms":1}
{"function_name":"std_sort","input_size":5000,"duration_ms":0}
{"function_name":"insertion_sort","input_size":5000,"duration_ms":152}
{"function_name":"bubble_sort","input_size":5000,"duration_ms":251}
{"function_name":"quick_sort","input_size":5000,"duration_ms":1}
{"function_name":"std_sort","input_size":5000,"duration_ms":0}
{"function_name":"insertion_sort","input_size":5000,"duration_ms":156}
{"function_name":"bubble_sort","input_size":5000,"duration_ms":258}
{"function_name":"quick_sort","input_size":5000,"duration_ms":1}
{"function_name":"std_sort","input_size":5000,"duration_ms":0}
{"function_name":"insertion_sort","input_size":5000,"duration_ms":156}
{"function_name":"bubble_sort","input_size":5000,"duration_ms":295}
{"function_name":"quick_sort","input_size":5000,"duration_ms":1}
{"function_name":"std_sort","input_size":5000,"duration_ms":0}
{"function_name":"insertion_sort","input_size":5000,"duration_ms":152}
{"function_name":"bubble_sort","input_size":5000,"duration_ms":254}
{"function_name":"quick_sort","input_size":5000,"duration_ms":1}
{"function_name":"std_sort","input_size":5000,"duration_ms":0}
{"function_name":"insertion_sort","input_size":5000,"duration_ms":157}
{"function_name":"bubble_sort","input_size":5000,"duration_ms":258}
{"function_name":"quick_sort","input_size":5000,"duration_ms":1}
{"function_name":"std_sort","input_size":5000,"duration_ms":0}
{"function_name":"insertion_sort","input_size":5000,"duration_ms":154}
{"function_name":"bubble_sort","input_size":5000,"duration_ms":258}
{"function_name":"quick_sort","input_size":5000,"duration_ms":1}
{"function_name":"std_sort","input_size":5000,"duration_ms":0}
{"function_name":"insertion_sort","input_size":5000,"duration_ms":152}
{"function_name":"bubble_sort","input_size":5000,"duration_ms":253}
{"function_name":"quick_sort","input_size":5000,"duration_ms":1}
{"function_name":"std_sort","input_size":5000,"duration_ms":0}
{"function_name":"insertion_sort","input_size":5000,"duration_ms":160}
{"function_name":"bubble_sort","input_size":5000,"duration_ms":255}
{"function_name":"quick_sort","input_size":5000,"duration_ms":1}
{"function_name":"std_sort","input_size":5000,"duration_ms":0}
{"function_name":"insertion_sort","input_size":5000,"duration_ms":155}
{"function_name":"bubble_sort","input_size":5000,"duration_ms":251}
{"function_name":"quick_sort","input_size":5000,"duration_ms":1}
{"function_name":"std_sort","input_size":5000,"duration_ms":0}
{"function_name":"insertion_sort","input_size":5000,"duration_ms":151}
{"function_name":"bubble_sort","input_size":5000,"duration_ms":252}
{"function_name":"quick_sort","input_size":5000,"duration_ms":1}
{"function_name":"std_sort","input_size":5000,"duration_ms":0}
{"function_name":"insertion_sort","input_size":5000,"duration_ms":152}
{"function_name":"bubble_sort","input_size":5000,"duration_ms":251}
{"function_name":"quick_sort","input_size":5000,"duration_ms":1}
{"function_name":"std_sort","input_size":5000,"duration_ms":0}
{"function_name":"insertion_sort","input_size":10000,"duration_ms":611}
{"function_name":"bubble_sort","input_size":10000,"duration_ms":1009}
{"function_name":"quick_sort","input_size":10000,"duration_ms":2}
{"function_name":"std_sort","input_size":10000,"duration_ms":1}
{"function_name":"insertion_sort","input_size":10000,"duration_ms":622}
{"function_name":"bubble_sort","input_size":10000,"duration_ms":1036}
{"function_name":"quick_sort","input_size":10000,"duration_ms":2}
{"function_name":"std_sort","input_size":10000,"duration_ms":1}
{"function_name":"insertion_sort","input_size":10000,"duration_ms":619}
{"function_name":"bubble_sort","input_size":10000,"duration_ms":1010}
{"function_name":"quick_sort","input_size":10000,"duration_ms":2}
{"function_name":"std_sort","input_size":10000,"duration_ms":1}
{"function_name":"insertion_sort","input_size":10000,"duration_ms":609}
{"function_name":"bubble_sort","input_size":10000,"duration_ms":1008}
{"function_name":"quick_sort","input_size":10000,"duration_ms":2}
{"function_name":"std_sort","input_size":10000,"duration_ms":1}
{"function_name":"insertion_sort","input_size":10000,"duration_ms":620}
{"function_name":"bubble_sort","input_size":10000,"duration_ms":1019}
{"function_name":"quick_sort","input_size":10000,"duration_ms":2}
{"function_name":"std_sort","input_size":10000,"duration_ms":1}
{"function_name":"insertion_sort","input_size":10000,"duration_ms":625}
{"function_name":"bubble_sort","input_size":10000,"duration_ms":1022}
{"function_name":"quick_sort","input_size":10000,"duration_ms":2}
{"function_name":"std_sort","input_size":10000,"duration_ms":1}
{"function_name":"insertion_sort","input_size":10000,"duration_ms":613}
{"function_name":"bubble_sort","input_size":10000,"duration_ms":1000}
{"function_name":"quick_sort","input_size":10000,"duration_ms":2}
{"function_name":"std_sort","input_size":10000,"duration_ms":1}
{"function_name":"insertion_sort","input_size":10000,"duration_ms":617}
{"function_name":"bubble_sort","input_size":10000,"duration_ms":1018}
{"function_name":"quick_sort","input_size":10000,"duration_ms":2}
{"function_name":"std_sort","input_size":10000,"duration_ms":1}
{"function_name":"insertion_sort","input_size":10000,"duration_ms":623}
{"function_name":"bubble_sort","input_size":10000,"duration_ms":1003}
{"function_name":"quick_sort","input_size":10000,"duration_ms":2}
{"function_name":"std_sort","input_size":10000,"duration_ms":1}
{"function_name":"insertion_sort","input_size":10000,"duration_ms":594}
{"function_name":"bubble_sort","input_size":10000,"duration_ms":974}
{"function_name":"quick_sort","input_size":10000,"duration_ms":2}
{"function_name":"std_sort","input_size":10000,"duration_ms":1}
{"function_name":"insertion_sort","input_size":10000,"duration_ms":596}
{"function_name":"bubble_sort","input_size":10000,"duration_ms":976}
{"function_name":"quick_sort","input_size":10000,"duration_ms":2}
{"function_name":"std_sort","input_size":10000,"duration_ms":1}
{"function_name":"insertion_sort","input_size":10000,"duration_ms":609}
{"function_name":"bubble_sort","input_size":10000,"duration_ms":993}
{"function_name":"quick_sort","input_size":10000,"duration_ms":2}
{"function_name":"std_sort","input_size":10000,"duration_ms":1}
{"function_name":"insertion_sort","input_size":10000,"duration_ms":579}
{"function_name":"bubble_sort","input_size":10000,"duration_ms":978}
{"function_name":"quick_sort","input_size":10000,"duration_ms":2}
{"function_name":"std_sort","input_size":10000,"duration_ms":1}
{"function_name":"insertion_sort","input_size":10000,"duration_ms":598}
{"function_name":"bubble_sort","input_size":10000,"duration_ms":984}
{"function_name":"quick_sort","input_size":10000,"duration_ms":2}
{"function_name":"std_sort","input_size":10000,"duration_ms":1}
{"function_name":"insertion_sort","input_size":10000,"duration_ms":592}
{"function_name":"bubble_sort","input_size":10000,"duration_ms":998}
{"function_name":"quick_sort","input_size":10000,"duration_ms":2}
{"function_name":"std_sort","input_size":10000,"duration_ms":1}
{"function_name":"insertion_sort","input_size":10000,"duration_ms":592}
{"function_name":"bubble_sort","input_size":10000,"duration_ms":975}
{"function_name":"quick_sort","input_size":10000,"duration_ms":2}
{"function_name":"std_sort","input_size":10000,"duration_ms":1}
{"function_name":"insertion_sort","input_size":10000,"duration_ms":596}
{"function_name":"bubble_sort","input_size":10000,"duration_ms":978}
{"function_name":"quick_sort","input_size":10000,"duration_ms":2}
{"function_name":"std_sort","input_size":10000,"duration_ms":1}
{"function_name":"insertion_sort","input_size":10000,"duration_ms":596}
{"function_name":"bubble_sort","input_size":10000,"duration_ms":980}
{"function_name":"quick_sort","input_size":10000,"duration_ms":2}
{"function_name":"std_sort","input_size":10000,"duration_ms":1}
{"function_name":"insertion_sort","input_size":10000,"duration_ms":596}
{"function_name":"bubble_sort","input_size":10000,"duration_ms":979}
{"function_name":"quick_sort","input_size":10000,"duration_ms":2}
{"function_name":"std_sort","input_size":10000,"duration_ms":1}
{"function_name":"insertion_sort","input_size":10000,"duration_ms":605}
{"function_name":"bubble_sort","input_size":10000,"duration_ms":992}
{"function_name":"quick_sort","input_size":10000,"duration_ms":2}
{"function_name":"std_sort","input_size":10000,"duration_ms":1}
{"function_name":"insertion_sort","input_size":1000,"duration_ms":9873}
{"function_name":"bubble_sort","input_size":1000,"duration_ms":10235}
{"function_name":"quick_sort","input_size":1000,"duration_ms":176}
{"function_name":"std_sort","input_size":1000,"duration_ms":119}
{"function_name":"insertion_sort","input_size":1000,"duration_ms":6060}
{"function_name":"bubble_sort","input_size":1000,"duration_ms":10269}
{"function_name":"quick_sort","input_size":1000,"duration_ms":183}
{"function_name":"std_sort","input_size":1000,"duration_ms":119}
{"function_name":"insertion_sort","input_size":1000,"duration_ms":6225}
{"function_name":"bubble_sort","input_size":1000,"duration_ms":10353}
{"function_name":"quick_sort","input_size":1000,"duration_ms":171}
{"function_name":"std_sort","input_size":1000,"duration_ms":118}
{"function_name":"insertion_sort","input_size":1000,"duration_ms":6218}
{"function_name":"bubble_sort","input_size":1000,"duration_ms":10281}
{"function_name":"quick_sort","input_size":1000,"duration_ms":176}
{"function_name":"std_sort","input_size":1000,"duration_ms":119}
{"function_name":"insertion_sort","input_size":1000,"duration_ms":5956}
{"function_name":"bubble_sort","input_size":1000,"duration_ms":10505}
{"function_name":"quick_sort","input_size":1000,"duration_ms":178}
{"function_name":"std_sort","input_size":1000,"duration_ms":117}
{"function_name":"insertion_sort","input_size":1000,"duration_ms":6092}
{"function_name":"bubble_sort","input_size":1000,"duration_ms":10268}
{"function_name":"quick_sort","input_size":1000,"duration_ms":173}
{"function_name":"std_sort","input_size":1000,"duration_ms":119}
{"function_name":"insertion_sort","input_size":1000,"duration_ms":6087}
{"function_name":"bubble_sort","input_size":1000,"duration_ms":10294}
{"function_name":"quick_sort","input_size":1000,"duration_ms":172}
{"function_name":"std_sort","input_size":1000,"duration_ms":119}
{"function_name":"insertion_sort","input_size":1000,"duration_ms":6173}
{"function_name":"bubble_sort","input_size":1000,"duration_ms":10286}
{"function_name":"quick_sort","input_size":1000,"duration_ms":169}
{"function_name":"std_sort","input_size":1000,"duration_ms":125}
{"function_name":"insertion_sort","input_size":1000,"duration_ms":6204}
{"function_name":"bubble_sort","input_size":1000,"duration_ms":10374}
{"function_name":"quick_sort","input_size":1000,"duration_ms":175}
{"function_name":"std_sort","input_size":1000,"duration_ms":128}
{"function_name":"insertion_sort","input_size":1000,"duration_ms":6309}
{"function_name":"bubble_sort","input_size":1000,"duration_ms":10254}
{"function_name":"quick_sort","input_size":1000,"duration_ms":169}
{"function_name":"std_sort","input_size":1000,"duration_ms":127}
{"function_name":"insertion_sort","input_size":1000,"duration_ms":6548}
{"function_name":"bubble_sort","input_size":1000,"duration_ms":10337}
{"function_name":"quick_sort","input_size":1000,"duration_ms":176}
{"function_name":"std_sort","input_size":1000,"duration_ms":118}
{"function_name":"insertion_sort","input_size":1000,"duration_ms":6598}
{"function_name":"bubble_sort","input_size":1000,"duration_ms":10411}
{"function_name":"quick_sort","input_size":1000,"duration_ms":180}
{"function_name":"std_sort","input_size":1000,"duration_ms":117}
{"function_name":"insertion_sort","input_size":1000,"duration_ms":6274}
{"function_name":"bubble_sort","input_size":1000,"duration_ms":10153}
{"function_name":"quick_sort","input_size":1000,"duration_ms":178}
{"function_name":"std_sort","input_size":1000,"duration_ms":117}
{"function_name":"insertion_sort","input_size":1000,"duration_ms":6216}
{"function_name":"bubble_sort","input_size":1000,"duration_ms":10146}
{"function_name":"quick_sort","input_size":1000,"duration_ms":173}
{"function_name":"std_sort","input_size":1000,"duration_ms":117}
{"function_name":"insertion_sort","input_size":1000,"duration_ms":6596}
{"function_name":"bubble_sort","input_size":1000,"duration_ms":10349}
{"function_name":"quick_sort","input_size":1000,"duration_ms":201}
{"function_name":"std_sort","input_size":1000,"duration_ms":138}
{"function_name":"insertion_sort","input_size":1000,"duration_ms":6425}
{"function_name":"bubble_sort","input_size":1000,"duration_ms":10553}
{"function_name":"quick_sort","input_size":1000,"duration_ms":204}
{"function_name":"std_sort","input_size":1000,"duration_ms":141}
{"function_name":"insertion_sort","input_size":1000,"duration_ms":6169}
{"function_name":"bubble_sort","input_size":1000,"duration_ms":10428}
{"function_name":"quick_sort","input_size":1000,"duration_ms":211}
{"function_name":"std_sort","input_size":1000,"duration_ms":121}
{"function_name":"insertion_sort","input_size":1000,"duration_ms":6112}
{"function_name":"bubble_sort","input_size":1000,"duration_ms":10422}
{"function_name":"quick_sort","input_size":1000,"duration_ms":176}
{"function_name":"std_sort","input_size":1000,"duration_ms":118}
{"function_name":"insertion_sort","input_size":1000,"duration_ms":6031}
{"function_name":"bubble_sort","input_size":1000,"duration_ms":10420}
{"function_name":"quick_sort","input_size":1000,"duration_ms":179}
{"function_name":"std_sort","input_size":1000,"duration_ms":120}
{"function_name":"insertion_sort","input_size":1000,"duration_ms":6040}
{"function_name":"bubble_sort","input_size":1000,"duration_ms":10488}
{"function_name":"quick_sort","input_size":1000,"duration_ms":173}
{"function_name":"std_sort","input_size":1000,"duration_ms":116}
{"function_name":"insertion_sort","input_size":2500,"duration_ms":38876}
{"function_name":"bubble_sort","input_size":2500,"duration_ms":64946}
{"function_name":"quick_sort","input_size":2500,"duration_ms":479}
{"function_name":"std_sort","input_size":2500,"duration_ms":337}
{"function_name":"insertion_sort","input_size":2500,"duration_ms":38494}
{"function_name":"bubble_sort","input_size":2500,"duration_ms":64135}
{"function_name":"quick_sort","input_size":2500,"duration_ms":483}
{"function_name":"std_sort","input_size":2500,"duration_ms":339}
{"function_name":"insertion_sort","input_size":2500,"duration_ms":38613}
{"function_name":"bubble_sort","input_size":2500,"duration_ms":64271}
{"function_name":"quick_sort","input_size":2500,"duration_ms":500}
{"function_name":"std_sort","input_size":2500,"duration_ms":343}
{"function_name":"insertion_sort","input_size":2500,"duration_ms":37820}
{"function_name":"bubble_sort","input_size":2500,"duration_ms":63775}
{"function_name":"quick_sort","input_size":2500,"duration_ms":484}
{"function_name":"std_sort","input_size":2500,"duration_ms":332}
{"function_name":"insertion_sort","input_size":2500,"duration_ms":38806}
{"function_name":"bubble_sort","input_size":2500,"duration_ms":64172}
{"function_name":"quick_sort","input_size":2500,"duration_ms":475}
{"function_name":"std_sort","input_size":2500,"duration_ms":331}
{"function_name":"insertion_sort","input_size":2500,"duration_ms":38470}
{"function_name":"bubble_sort","input_size":2500,"duration_ms":63429}
{"function_name":"quick_sort","input_size":2500,"duration_ms":504}
{"function_name":"std_sort","input_size":2500,"duration_ms":330}
{"function_name":"insertion_sort","input_size":2500,"duration_ms":38509}
{"function_name":"bubble_sort","input_size":2500,"duration_ms":65123}
{"function_name":"quick_sort","input_size":2500,"duration_ms":485}
{"function_name":"std_sort","input_size":2500,"duration_ms":334}
{"function_name":"insertion_sort","input_size":2500,"duration_ms":38336}
{"function_name":"bubble_sort","input_size":2500,"duration_ms":63170}
{"function_name":"quick_sort","input_size":2500,"duration_ms":485}
{"function_name":"std_sort","input_size":2500,"duration_ms":331}
{"function_name":"insertion_sort","input_size":2500,"duration_ms":39352}
{"function_name":"bubble_sort","input_size":2500,"duration_ms":63723}
{"function_name":"quick_sort","input_size":2500,"duration_ms":479}
{"function_name":"std_sort","input_size":2500,"duration_ms":338}
{"function_name":"insertion_sort","input_size":2500,"duration_ms":37888}
{"function_name":"bubble_sort","input_size":2500,"duration_ms":63134}
{"function_name":"quick_sort","input_size":2500,"duration_ms":500}
{"function_name":"std_sort","input_size":2500,"duration_ms":336}
{"function_name":"insertion_sort","input_size":2500,"duration_ms":37705}
{"function_name":"bubble_sort","input_size":2500,"duration_ms":62873}
{"function_name":"quick_sort","input_size":2500,"duration_ms":499}
{"function_name":"std_sort","input_size":2500,"duration_ms":338}
{"function_name":"insertion_sort","input_size":2500,"duration_ms":38184}
{"function_name":"bubble_sort","input_size":2500,"duration_ms":63728}
{"function_name":"quick_sort","input_size":2500,"duration_ms":483}
{"function_name":"std_sort","input_size":2500,"duration_ms":331}
{"function_name":"insertion_sort","input_size":2500,"duration_ms":38247}
{"function_name":"bubble_sort","input_size":2500,"duration_ms":63518}
{"function_name":"quick_sort","input_size":2500,"duration_ms":494}
{"function_name":"std_sort","input_size":2500,"duration_ms":331}
{"function_name":"insertion_sort","input_size":2500,"duration_ms":37878}
{"function_name":"bubble_sort","input_size":2500,"duration_ms":63692}
{"function_name":"quick_sort","input_size":2500,"duration_ms":491}
{"function_name":"std_sort","input_size":2500,"duration_ms":337}
{"function_name":"insertion_sort","input_size":2500,"duration_ms":38792}
{"function_name":"bubble_sort","input_size":2500,"duration_ms":63610}
{"function_name":"quick_sort","input_size":2500,"duration_ms":491}
{"function_name":"std_sort","input_size":2500,"duration_ms":332}
{"function_name":"insertion_sort","input_size":2500,"duration_ms":38437}
{"function_name":"bubble_sort","input_size":2500,"duration_ms":63661}
{"function_name":"quick_sort","input_size":2500,"duration_ms":494}
{"function_name":"std_sort","input_size":2500,"duration_ms":330}
{"function_name":"insertion_sort","input_size":2500,"duration_ms":38165}
{"function_name":"bubble_sort","input_size":2500,"duration_ms":63417}
{"function_name":"quick_sort","input_size":2500,"duration_ms":482}
{"function_name":"std_sort","input_size":2500,"duration_ms":331}
{"function_name":"insertion_sort","input_size":2500,"duration_ms":37803}
{"function_name":"bubble_sort","input_size":2500,"duration_ms":63190}
{"function_name":"quick_sort","input_size":2500,"duration_ms":482}
{"function_name":"std_sort","input_size":2500,"duration_ms":329}
{"function_name":"insertion_sort","input_size":2500,"duration_ms":38764}
{"function_name":"bubble_sort","input_size":2500,"duration_ms":63726}
{"function_name":"quick_sort","input_size":2500,"duration_ms":473}
{"function_name":"std_sort","input_size":2500,"duration_ms":335}
{"function_name":"insertion_sort","input_size":2500,"duration_ms":37950}
{"function_name":"bubble_sort","input_size":2500,"duration_ms":63742}
{"function_name":"quick_sort","input_size":2500,"duration_ms":490}
{"function_name":"std_sort","input_size":2500,"duration_ms":332}
{"function_name":"insertion_sort","input_size":5000,"duration_ms":151990}
{"function_name":"bubble_sort","input_size":5000,"duration_ms":251502}
{"function_name":"quick_sort","input_size":5000,"duration_ms":1059}
{"function_name":"std_sort","input_size":5000,"duration_ms":720}
{"function_name":"insertion_sort","input_size":5000,"duration_ms":152830}
{"function_name":"bubble_sort","input_size":5000,"duration_ms":251728}
{"function_name":"quick_sort","input_size":5000,"duration_ms":1066}
{"function_name":"std_sort","input_size":5000,"duration_ms":719}
{"function_name":"insertion_sort","input_size":5000,"duration_ms":151592}
{"function_name":"bubble_sort","input_size":5000,"duration_ms":252786}
{"function_name":"quick_sort","input_size":5000,"duration_ms":1051}
{"function_name":"std_sort","input_size":5000,"duration_ms":723}
{"function_name":"insertion_sort","input_size":5000,"duration_ms":151376}
{"function_name":"bubble_sort","input_size":5000,"duration_ms":251140}
{"function_name":"quick_sort","input_size":5000,"duration_ms":1055}
{"function_name":"std_sort","input_size":5000,"duration_ms":716}
{"function_name":"insertion_sort","input_size":5000,"duration_ms":155322}
{"function_name":"bubble_sort","input_size":5000,"duration_ms":253650}
{"function_name":"quick_sort","input_size":5000,"duration_ms":1061}
{"function_name":"std_sort","input_size":5000,"duration_ms":719}
{"function_name":"insertion_sort","input_size":5000,"duration_ms":154173}
{"function_name":"bubble_sort","input_size":5000,"duration_ms":257313}
{"function_name":"quick_sort","input_size":5000,"duration_ms":1053}
{"function_name":"std_sort","input_size":5000,"duration_ms":729}
{"function_name":"insertion_sort","input_size":5000,"duration_ms":154847}
{"function_name":"bubble_sort","input_size":5000,"duration_ms":256888}
{"function_name":"quick_sort","input_size":5000,"duration_ms":1056}
{"function_name":"std_sort","input_size":5000,"duration_ms":714}
{"function_name":"insertion_sort","input_size":5000,"duration_ms":155288}
{"function_name":"bubble_sort","input_size":5000,"duration_ms":254425}
{"function_name":"quick_sort","input_size":5000,"duration_ms":1068}
{"function_name":"std_sort","input_size":5000,"duration_ms":721}
{"function_name":"insertion_sort","input_size":5000,"duration_ms":154192}
{"function_name":"bubble_sort","input_size":5000,"duration_ms":257251}
{"function_name":"quick_sort","input_size":5000,"duration_ms":1065}
{"function_name":"std_sort","input_size":5000,"duration_ms":726}
{"function_name":"insertion_sort","input_size":5000,"duration_ms":152755}
{"function_name":"bubble_sort","input_size":5000,"duration_ms":252040}
{"function_name":"quick_sort","input_size":5000,"duration_ms":1050}
{"function_name":"std_sort","input_size":5000,"duration_ms":724}
{"function_name":"insertion_sort","input_size":5000,"duration_ms":154553}
{"function_name":"bubble_sort","input_size":5000,"duration_ms":257693}
{"function_name":"quick_sort","input_size":5000,"duration_ms":1080}
{"function_name":"std_sort","input_size":5000,"duration_ms":765}
{"function_name":"insertion_sort","input_size":5000,"duration_ms":157639}
{"function_name":"bubble_sort","input_size":5000,"duration_ms":254863}
{"function_name":"quick_sort","input_size":5000,"duration_ms":1054}
{"function_name":"std_sort","input_size":5000,"duration_ms":716}
{"function_name":"insertion_sort","input_size":5000,"duration_ms":153864}
{"function_name":"bubble_sort","input_size":5000,"duration_ms":253234}
{"function_name":"quick_sort","input_size":5000,"duration_ms":1062}
{"function_name":"std_sort","input_size":5000,"duration_ms":715}
{"function_name":"insertion_sort","input_size":5000,"duration_ms":153700}
{"function_name":"bubble_sort","input_size":5000,"duration_ms":252076}
{"function_name":"quick_sort","input_size":5000,"duration_ms":1083}
{"function_name":"std_sort","input_size":5000,"duration_ms":724}
{"function_name":"insertion_sort","input_size":5000,"duration_ms":152099}
{"function_name":"bubble_sort","input_size":5000,"duration_ms":255483}
{"function_name":"quick_sort","input_size":5000,"duration_ms":1075}
{"function_name":"std_sort","input_size":5000,"duration_ms":724}
{"function_name":"insertion_sort","input_size":5000,"duration_ms":155333}
{"function_name":"bubble_sort","input_size":5000,"duration_ms":253424}
{"function_name":"quick_sort","input_size":5000,"duration_ms":1063}
{"function_name":"std_sort","input_size":5000,"duration_ms":723}
{"function_name":"insertion_sort","input_size":5000,"duration_ms":151255}
{"function_name":"bubble_sort","input_size":5000,"duration_ms":255239}
{"function_name":"quick_sort","input_size":5000,"duration_ms":1044}
{"function_name":"std_sort","input_size":5000,"duration_ms":714}
{"function_name":"insertion_sort","input_size":5000,"duration_ms":157485}
{"function_name":"bubble_sort","input_size":5000,"duration_ms":255136}
{"function_name":"quick_sort","input_size":5000,"duration_ms":1060}
{"function_name":"std_sort","input_size":5000,"duration_ms":722}
{"function_name":"insertion_sort","input_size":5000,"duration_ms":154843}
{"function_name":"bubble_sort","input_size":5000,"duration_ms":253764}
{"function_name":"quick_sort","input_size":5000,"duration_ms":1051}
{"function_name":"std_sort","input_size":5000,"duration_ms":720}
{"function_name":"insertion_sort","input_size":5000,"duration_ms":154319}
{"function_name":"bubble_sort","input_size":5000,"duration_ms":252453}
{"function_name":"quick_sort","input_size":5000,"duration_ms":1047}
{"function_name":"std_sort","input_size":5000,"duration_ms":721}
{"function_name":"insertion_sort","input_size":10000,"duration_ms":619163}
{"function_name":"bubble_sort","input_size":10000,"duration_ms":1.0149e+06}
{"function_name":"quick_sort","input_size":10000,"duration_ms":2354}
{"function_name":"std_sort","input_size":10000,"duration_ms":1546}
{"function_name":"insertion_sort","input_size":10000,"duration_ms":623841}
{"function_name":"bubble_sort","input_size":10000,"duration_ms":1.03682e+06}
{"function_name":"quick_sort","input_size":10000,"duration_ms":2287}
{"function_name":"std_sort","input_size":10000,"duration_ms":1559}
{"function_name":"insertion_sort","input_size":10000,"duration_ms":624907}
{"function_name":"bubble_sort","input_size":10000,"duration_ms":1.02939e+06}
{"function_name":"quick_sort","input_size":10000,"duration_ms":2285}
{"function_name":"std_sort","input_size":10000,"duration_ms":1552}
{"function_name":"insertion_sort","input_size":10000,"duration_ms":619796}
{"function_name":"bubble_sort","input_size":10000,"duration_ms":1.0286e+06}
{"function_name":"quick_sort","input_size":10000,"duration_ms":2247}
{"function_name":"std_sort","input_size":10000,"duration_ms":1541}
{"function_name":"insertion_sort","input_size":10000,"duration_ms":613332}
{"function_name":"bubble_sort","input_size":10000,"duration_ms":1.01625e+06}
{"function_name":"quick_sort","input_size":10000,"duration_ms":2258}
{"function_name":"std_sort","input_size":10000,"duration_ms":1548}
{"function_name":"insertion_sort","input_size":10000,"duration_ms":614355}
{"function_name":"bubble_sort","input_size":10000,"duration_ms":1.01595e+06}
{"function_name":"quick_sort","input_size":10000,"duration_ms":2310}
{"function_name":"std_sort","input_size":10000,"duration_ms":1648}
{"function_name":"insertion_sort","input_size":10000,"duration_ms":616604}
{"function_name":"bubble_sort","input_size":10000,"duration_ms":1.02507e+06}
{"function_name":"quick_sort","input_size":10000,"duration_ms":2412}
{"function_name":"std_sort","input_size":10000,"duration_ms":1858}
{"function_name":"insertion_sort","input_size":10000,"duration_ms":613736}
{"function_name":"bubble_sort","input_size":10000,"duration_ms":1.02675e+06}
{"function_name":"quick_sort","input_size":10000,"duration_ms":2299}
{"function_name":"std_sort","input_size":10000,"duration_ms":1551}
{"function_name":"insertion_sort","input_size":10000,"duration_ms":647754}
{"function_name":"bubble_sort","input_size":10000,"duration_ms":1.05585e+06}
{"function_name":"quick_sort","input_size":10000,"duration_ms":2310}
{"function_name":"std_sort","input_size":10000,"duration_ms":1571}
{"function_name":"insertion_sort","input_size":10000,"duration_ms":639475}
{"function_name":"bubble_sort","input_size":10000,"duration_ms":1.03237e+06}
{"function_name":"quick_sort","input_size":10000,"duration_ms":2299}
{"function_name":"std_sort","input_size":10000,"duration_ms":1556}
{"function_name":"insertion_sort","input_size":10000,"duration_ms":625937}
{"function_name":"bubble_sort","input_size":10000,"duration_ms":1.03603e+06}
{"function_name":"quick_sort","input_size":10000,"duration_ms":2283}
{"function_name":"std_sort","input_size":10000,"duration_ms":1562}
{"function_name":"insertion_sort","input_size":10000,"duration_ms":615799}
{"function_name":"bubble_sort","input_size":10000,"duration_ms":1.02207e+06}
{"function_name":"quick_sort","input_size":10000,"duration_ms":2339}
{"function_name":"std_sort","input_size":10000,"duration_ms":1552}
{"function_name":"insertion_sort","input_size":10000,"duration_ms":632675}
{"function_name":"bubble_sort","input_size":10000,"duration_ms":1.0182e+06}
{"function_name":"quick_sort","input_size":10000,"duration_ms":2338}
{"function_name":"std_sort","input_size":10000,"duration_ms":1577}
{"function_name":"insertion_sort","input_size":10000,"duration_ms":625550}
{"function_name":"bubble_sort","input_size":10000,"duration_ms":1.02645e+06}
{"function_name":"quick_sort","input_size":10000,"duration_ms":2313}
{"function_name":"std_sort","input_size":10000,"duration_ms":1540}
{"function_name":"insertion_sort","input_size":10000,"duration_ms":624699}
{"function_name":"bubble_sort","input_size":10000,"duration_ms":1.0135e+06}
{"function_name":"quick_sort","input_size":10000,"duration_ms":2308}
{"function_name":"std_sort","input_size":10000,"duration_ms":1641}
{"function_name":"insertion_sort","input_size":10000,"duration_ms":622649}
{"function_name":"bubble_sort","input_size":10000,"duration_ms":1.0107e+06}
{"function_name":"quick_sort","input_size":10000,"duration_ms":2267}
{"function_name":"std_sort","input_size":10000,"duration_ms":1558}
{"function_name":"insertion_sort","input_size":10000,"duration_ms":624459}
{"function_name":"bubble_sort","input_size":10000,"duration_ms":1.01249e+06}
{"function_name":"quick_sort","input_size":10000,"duration_ms":2352}
{"function_name":"std_sort","input_size":10000,"duration_ms":1538}
{"function_name":"insertion_sort","input_size":10000,"duration_ms":620251}
{"function_name":"bubble_sort","input_size":10000,"duration_ms":1.02847e+06}
{"function_name":"quick_sort","input_size":10000,"duration_ms":2286}
{"function_name":"std_sort","input_size":10000,"duration_ms":1543}
{"function_name":"insertion_sort","input_size":10000,"duration_ms":621416}
{"function_name":"bubble_sort","input_size":10000,"duration_ms":1.01382e+06}
{"function_name":"quick_sort","input_size":10000,"duration_ms":2271}
{"function_name":"std_sort","input_size":10000,"duration_ms":1560}
{"function_name":"insertion_sort","input_size":10000,"duration_ms":624799}
{"function_name":"bubble_sort","input_size":10000,"duration_ms":1.01512e+06}
{"function_name":"quick_sort","input_size":10000,"duration_ms":2300}
{"function_name":"std_sort","input_size":10000,"duration_ms":1564}
{"function_name":"insertion_sort","input_size":1000,"duration_ms":12215}
{"function_name":"bubble_sort","input_size":1000,"duration_ms":11095}
{"function_name":"quick_sort","input_size":1000,"duration_ms":175}
{"function_name":"std_sort","input_size":1000,"duration_ms":123}
{"function_name":"insertion_sort","input_size":1000,"duration_ms":6386}
{"function_name":"bubble_sort","input_size":1000,"duration_ms":10425}
{"function_name":"quick_sort","input_size":1000,"duration_ms":178}
{"function_name":"std_sort","input_size":1000,"duration_ms":134}
{"function_name":"insertion_sort","input_size":1000,"duration_ms":6156}
{"function_name":"bubble_sort","input_size":1000,"duration_ms":10203}
{"function_name":"quick_sort","input_size":1000,"duration_ms":175}
{"function_name":"std_sort","input_size":1000,"duration_ms":121}
{"function_name":"insertion_sort","input_size":1000,"duration_ms":6145}
{"function_name":"bubble_sort","input_size":1000,"duration_ms":10219}
{"function_name":"quick_sort","input_size":1000,"duration_ms":173}
{"function_name":"std_sort","input_size":1000,"duration_ms":119}
{"function_name":"insertion_sort","input_size":1000,"duration_ms":6374}
{"function_name":"bubble_sort","input_size":1000,"duration_ms":10309}
{"function_name":"quick_sort","input_size":1000,"duration_ms":186}
{"function_name":"std_sort","input_size":1000,"duration_ms":123}
{"function_name":"insertion_sort","input_size":1000,"duration_ms":6129}
{"function_name":"bubble_sort","input_size":1000,"duration_ms":10150}
{"function_name":"quick_sort","input_size":1000,"duration_ms":175}
{"function_name":"std_sort","input_size":1000,"duration_ms":122}
{"function_name":"insertion_sort","input_size":1000,"duration_ms":5990}
{"function_name":"bubble_sort","input_size":1000,"duration_ms":10152}
{"function_name":"quick_sort","input_size":1000,"duration_ms":177}
{"function_name":"std_sort","input_size":1000,"duration_ms":125}
{"function_name":"insertion_sort","input_size":1000,"duration_ms":6144}
{"function_name":"bubble_sort","input_size":1000,"duration_ms":10169}
{"function_name":"quick_sort","input_size":1000,"duration_ms":181}
{"function_name":"std_sort","input_size":1000,"duration_ms":120}
{"function_name":"insertion_sort","input_size":1000,"duration_ms":6246}
{"function_name":"bubble_sort","input_size":1000,"duration_ms":10279}
{"function_name":"quick_sort","input_size":1000,"duration_ms":173}
{"function_name":"std_sort","input_size":1000,"duration_ms":119}
{"function_name":"insertion_sort","input_size":1000,"duration_ms":6202}
{"function_name":"bubble_sort","input_size":1000,"duration_ms":10218}
{"function_name":"quick_sort","input_size":1000,"duration_ms":185}
{"function_name":"std_sort","input_size":1000,"duration_ms":121}
{"function_name":"insertion_sort","input_size":1000,"duration_ms":6248}
{"function_name":"bubble_sort","input_size":1000,"duration_ms":10320}
{"function_name":"quick_sort","input_size":1000,"duration_ms":175}
{"function_name":"std_sort","input_size":1000,"duration_ms":121}
{"function_name":"insertion_sort","input_size":1000,"duration_ms":6083}
{"function_name":"bubble_sort","input_size":1000,"duration_ms":10173}
{"function_name":"quick_sort","input_size":1000,"duration_ms":175}
{"function_name":"std_sort","input_size":1000,"duration_ms":121}
{"function_name":"insertion_sort","input_size":1000,"duration_ms":6061}
{"function_name":"bubble_sort","input_size":1000,"duration_ms":10145}
{"function_name":"quick_sort","input_size":1000,"duration_ms":180}
{"function_name":"std_sort","input_size":1000,"duration_ms":124}
{"function_name":"insertion_sort","input_size":1000,"duration_ms":6455}
{"function_name":"bubble_sort","input_size":1000,"duration_ms":10319}
{"function_name":"quick_sort","input_size":1000,"duration_ms":192}
{"function_name":"std_sort","input_size":1000,"duration_ms":120}
{"function_name":"insertion_sort","input_size":1000,"duration_ms":6080}
{"function_name":"bubble_sort","input_size":1000,"duration_ms":10075}
{"function_name":"quick_sort","input_size":1000,"duration_ms":176}
{"function_name":"std_sort","input_size":1000,"duration_ms":120}
{"function_name":"insertion_sort","input_size":1000,"duration_ms":5978}
{"function_name":"bubble_sort","input_size":1000,"duration_ms":10093}
{"function_name":"quick_sort","input_size":1000,"duration_ms":175}
{"function_name":"std_sort","input_size":1000,"duration_ms":121}
{"function_name":"insertion_sort","input_size":1000,"duration_ms":6206}
{"function_name":"bubble_sort","input_size":1000,"duration_ms":10173}
{"function_name":"quick_sort","input_size":1000,"duration_ms":185}
{"function_name":"std_sort","input_size":1000,"duration_ms":122}
{"function_name":"insertion_sort","input_size":1000,"duration_ms":6122}
{"function_name":"bubble_sort","input_size":1000,"duration_ms":10117}
{"function_name":"quick_sort","input_size":1000,"duration_ms":178}
{"function_name":"std_sort","input_size":1000,"duration_ms":119}
{"function_name":"insertion_sort","input_size":1000,"duration_ms":6067}
{"function_name":"bubble_sort","input_size":1000,"duration_ms":10106}
{"function_name":"quick_sort","input_size":1000,"duration_ms":179}
{"function_name":"std_sort","input_size":1000,"duration_ms":120}
{"function_name":"insertion_sort","input_size":1000,"duration_ms":6131}
{"function_name":"bubble_sort","input_size":1000,"duration_ms":10186}
{"function_name":"quick_sort","input_size":1000,"duration_ms":194}
{"function_name":"std_sort","input_size":1000,"duration_ms":120}
{"function_name":"insertion_sort","input_size":2500,"duration_ms":37900}
{"function_name":"bubble_sort","input_size":2500,"duration_ms":63422}
{"function_name":"quick_sort","input_size":2500,"duration_ms":492}
{"function_name":"std_sort","input_size":2500,"duration_ms":337}
{"function_name":"insertion_sort","input_size":2500,"duration_ms":38585}
{"function_name":"bubble_sort","input_size":2500,"duration_ms":63791}
{"function_name":"quick_sort","input_size":2500,"duration_ms":484}
{"function_name":"std_sort","input_size":2500,"duration_ms":342}
{"function_name":"insertion_sort","input_size":2500,"duration_ms":37436}
{"function_name":"bubble_sort","input_size":2500,"duration_ms":63110}
{"function_name":"quick_sort","input_size":2500,"duration_ms":496}
{"function_name":"std_sort","input_size":2500,"duration_ms":331}
{"function_name":"insertion_sort","input_size":2500,"duration_ms":38571}
{"function_name":"bubble_sort","input_size":2500,"duration_ms":64232}
{"function_name":"quick_sort","input_size":2500,"duration_ms":488}
{"function_name":"std_sort","input_size":2500,"duration_ms":327}
{"function_name":"insertion_sort","input_size":2500,"duration_ms":39116}
{"function_name":"bubble_sort","input_size":2500,"duration_ms":63968}
{"function_name":"quick_sort","input_size":2500,"duration_ms":507}
{"function_name":"std_sort","input_size":2500,"duration_ms":326}
{"function_name":"insertion_sort","input_size":2500,"duration_ms":38243}
{"function_name":"bubble_sort","input_size":2500,"duration_ms":63645}
{"function_name":"quick_sort","input_size":2500,"duration_ms":501}
{"function_name":"std_sort","input_size":2500,"duration_ms":331}
{"function_name":"insertion_sort","input_size":2500,"duration_ms":38814}
{"function_name":"bubble_sort","input_size":2500,"duration_ms":64229}
{"function_name":"quick_sort","input_size":2500,"duration_ms":499}
{"function_name":"std_sort","input_size":2500,"duration_ms":342}
{"function_name":"insertion_sort","input_size":2500,"duration_ms":37857}
{"function_name":"bubble_sort","input_size":2500,"duration_ms":63799}
{"function_name":"quick_sort","input_size":2500,"duration_ms":516}
{"function_name":"std_sort","input_size":2500,"duration_ms":329}
{"function_name":"insertion_sort","input_size":2500,"duration_ms":38504}
{"function_name":"bubble_sort","input_size":2500,"duration_ms":63348}
{"function_name":"quick_sort","input_size":2500,"duration_ms":488}
{"function_name":"std_sort","input_size":2500,"duration_ms":331}
{"function_name":"insertion_sort","input_size":2500,"duration_ms":38446}
{"function_name":"bubble_sort","input_size":2500,"duration_ms":63517}
{"function_name":"quick_sort","input_size":2500,"duration_ms":476}
{"function_name":"std_sort","input_size":2500,"duration_ms":330}
{"function_name":"insertion_sort","input_size":2500,"duration_ms":38288}
{"function_name":"bubble_sort","input_size":2500,"duration_ms":63784}
{"function_name":"quick_sort","input_size":2500,"duration_ms":498}
{"function_name":"std_sort","input_size":2500,"duration_ms":330}
{"function_name":"insertion_sort","input_size":2500,"duration_ms":38774}
{"function_name":"bubble_sort","input_size":2500,"duration_ms":63831}
{"function_name":"quick_sort","input_size":2500,"duration_ms":480}
{"function_name":"std_sort","input_size":2500,"duration_ms":341}
{"function_name":"insertion_sort","input_size":2500,"duration_ms":38584}
{"function_name":"bubble_sort","input_size":2500,"duration_ms":63758}
{"function_name":"quick_sort","input_size":2500,"duration_ms":517}
{"function_name":"std_sort","input_size":2500,"duration_ms":336}
{"function_name":"insertion_sort","input_size":2500,"duration_ms":38690}
{"function_name":"bubble_sort","input_size":2500,"duration_ms":63961}
{"function_name":"quick_sort","input_size":2500,"duration_ms":484}
{"function_name":"std_sort","input_size":2500,"duration_ms":341}
{"function_name":"insertion_sort","input_size":2500,"duration_ms":38452}
{"function_name":"bubble_sort","input_size":2500,"duration_ms":63588}
{"function_name":"quick_sort","input_size":2500,"duration_ms":520}
{"function_name":"std_sort","input_size":2500,"duration_ms":338}
{"function_name":"insertion_sort","input_size":2500,"duration_ms":37448}
{"function_name":"bubble_sort","input_size":2500,"duration_ms":63076}
{"function_name":"quick_sort","input_size":2500,"duration_ms":490}
{"function_name":"std_sort","input_size":2500,"duration_ms":332}
{"function_name":"insertion_sort","input_size":2500,"duration_ms":38441}
{"function_name":"bubble_sort","input_size":2500,"duration_ms":63809}
{"function_name":"quick_sort","input_size":2500,"duration_ms":493}
{"function_name":"std_sort","input_size":2500,"duration_ms":343}
{"function_name":"insertion_sort","input_size":2500,"duration_ms":38033}
{"function_name":"bubble_sort","input_size":2500,"duration_ms":63412}
{"function_name":"quick_sort","input_size":2500,"duration_ms":491}
{"function_name":"std_sort","input_size":2500,"duration_ms":333}
{"function_name":"insertion_sort","input_size":2500,"duration_ms":37639}
{"function_name":"bubble_sort","input_size":2500,"duration_ms":63129}
{"function_name":"quick_sort","input_size":2500,"duration_ms":496}
{"function_name":"std_sort","input_size":2500,"duration_ms":332}
{"function_name":"insertion_sort","input_size":2500,"duration_ms":38163}
{"function_name":"bubble_sort","input_size":2500,"duration_ms":63465}
{"function_name":"quick_sort","input_size":2500,"duration_ms":493}
{"function_name":"std_sort","input_size":2500,"duration_ms":349}
{"function_name":"insertion_sort","input_size":5000,"duration_ms":155440}
{"function_name":"bubble_sort","input_size":5000,"duration_ms":256580}
{"function_name":"quick_sort","input_size":5000,"duration_ms":1116}
{"function_name":"std_sort","input_size":5000,"duration_ms":739}
{"function_name":"insertion_sort","input_size":5000,"duration_ms":153404}
{"function_name":"bubble_sort","input_size":5000,"duration_ms":257308}
{"function_name":"quick_sort","input_size":5000,"duration_ms":1219}
{"function_name":"std_sort","input_size":5000,"duration_ms":733}
{"function_name":"insertion_sort","input_size":5000,"duration_ms":154177}
{"function_name":"bubble_sort","input_size":5000,"duration_ms":252638}
{"function_name":"quick_sort","input_size":5000,"duration_ms":1042}
{"function_name":"std_sort","input_size":5000,"duration_ms":724}
{"function_name":"insertion_sort","input_size":5000,"duration_ms":154140}
{"function_name":"bubble_sort","input_size":5000,"duration_ms":252125}
{"function_name":"quick_sort","input_size":5000,"duration_ms":1071}
{"function_name":"std_sort","input_size":5000,"duration_ms":720}
{"function_name":"insertion_sort","input_size":5000,"duration_ms":153030}
{"function_name":"bubble_sort","input_size":5000,"duration_ms":256860}
{"function_name":"quick_sort","input_size":5000,"duration_ms":1070}
{"function_name":"std_sort","input_size":5000,"duration_ms":730}
{"function_name":"insertion_sort","input_size":5000,"duration_ms":157417}
{"function_name":"bubble_sort","input_size":5000,"duration_ms":254174}
{"function_name":"quick_sort","input_size":5000,"duration_ms":1038}
{"function_name":"std_sort","input_size":5000,"duration_ms":723}
{"function_name":"insertion_sort","input_size":5000,"duration_ms":152584}
{"function_name":"bubble_sort","input_size":5000,"duration_ms":254029}
{"function_name":"quick_sort","input_size":5000,"duration_ms":1054}
{"function_name":"std_sort","input_size":5000,"duration_ms":728}
{"function_name":"insertion_sort","input_size":5000,"duration_ms":153961}
{"function_name":"bubble_sort","input_size":5000,"duration_ms":257005}
{"function_name":"quick_sort","input_size":5000,"duration_ms":1060}
{"function_name":"std_sort","input_size":5000,"duration_ms":726}
{"function_name":"insertion_sort","input_size":5000,"duration_ms":151274}
{"function_name":"bubble_sort","input_size":5000,"duration_ms":251290}
{"function_name":"quick_sort","input_size":5000,"duration_ms":1048}
{"function_name":"std_sort","input_size":5000,"duration_ms":720}
{"function_name":"insertion_sort","input_size":5000,"duration_ms":152960}
{"function_name":"bubble_sort","input_size":5000,"duration_ms":251748}
{"function_name":"quick_sort","input_size":5000,"duration_ms":1051}
{"function_name":"std_sort","input_size":5000,"duration_ms":720}
{"function_name":"insertion_sort","input_size":5000,"duration_ms":156308}
{"function_name":"bubble_sort","input_size":5000,"duration_ms":257038}
{"function_name":"quick_sort","input_size":5000,"duration_ms":1069}
{"function_name":"std_sort","input_size":5000,"duration_ms":722}
{"function_name":"insertion_sort","input_size":5000,"duration_ms":152211}
{"function_name":"bubble_sort","input_size":5000,"duration_ms":251562}
{"function_name":"quick_sort","input_size":5000,"duration_ms":1058}
{"function_name":"std_sort","input_size":5000,"duration_ms":782}
{"function_name":"insertion_sort","input_size":5000,"duration_ms":152695}
{"function_name":"bubble_sort","input_size":5000,"duration_ms":251332}
{"function_name":"quick_sort","input_size":5000,"duration_ms":1062}
{"function_name":"std_sort","input_size":5000,"duration_ms":714}
{"function_name":"insertion_sort","input_size":5000,"duration_ms":155287}
{"function_name":"bubble_sort","input_size":5000,"duration_ms":253258}
{"function_name":"quick_sort","input_size":5000,"duration_ms":1083}
{"function_name":"std_sort","input_size":5000,"duration_ms":728}
{"function_name":"insertion_sort","input_size":5000,"duration_ms":156118}
{"function_name":"bubble_sort","input_size":5000,"duration_ms":254210}
{"function_name":"quick_sort","input_size":5000,"duration_ms":1054}
{"function_name":"std_sort","input_size":5000,"duration_ms":724}
{"function_name":"insertion_sort","input_size":5000,"duration_ms":153384}
{"function_name":"bubble_sort","input_size":5000,"duration_ms":252050}
{"function_name":"quick_sort","input_size":5000,"duration_ms":1048}
{"function_name":"std_sort","input_size":5000,"duration_ms":720}
{"function_name":"insertion_sort","input_size":5000,"duration_ms":154994}
{"function_name":"bubble_sort","input_size":5000,"duration_ms":253283}
{"function_name":"quick_sort","input_size":5000,"duration_ms":1042}
{"function_name":"std_sort","input_size":5000,"duration_ms":725}
{"function_name":"insertion_sort","input_size":5000,"duration_ms":153263}
{"function_name":"bubble_sort","input_size":5000,"duration_ms":253274}
{"function_name":"quick_sort","input_size":5000,"duration_ms":1064}
{"function_name":"std_sort","input_size":5000,"duration_ms":729}
{"function_name":"insertion_sort","input_size":5000,"duration_ms":153222}
{"function_name":"bubble_sort","input_size":5000,"duration_ms":251879}
{"function_name":"quick_sort","input_size":5000,"duration_ms":1033}
{"function_name":"std_sort","input_size":5000,"duration_ms":740}
{"function_name":"insertion_sort","input_size":5000,"duration_ms":153131}
{"function_name":"bubble_sort","input_size":5000,"duration_ms":256606}
{"function_name":"quick_sort","input_size":5000,"duration_ms":1078}
{"function_name":"std_sort","input_size":5000,"duration_ms":717}
{"function_name":"insertion_sort","input_size":10000,"duration_ms":624838}
{"function_name":"bubble_sort","input_size":10000,"duration_ms":1.02827e+06}
{"function_name":"quick_sort","input_size":10000,"duration_ms":2283}
{"function_name":"std_sort","input_size":10000,"duration_ms":1555}
{"function_name":"insertion_sort","input_size":10000,"duration_ms":628914}
{"function_name":"bubble_sort","input_size":10000,"duration_ms":1.02875e+06}
{"function_name":"quick_sort","input_size":10000,"duration_ms":2327}
{"function_name":"std_sort","input_size":10000,"duration_ms":1563}
{"function_name":"insertion_sort","input_size":10000,"duration_ms":622027}
{"function_name":"bubble_sort","input_size":10000,"duration_ms":1.02843e+06}
{"function_name":"quick_sort","input_size":10000,"duration_ms":2266}
{"function_name":"std_sort","input_size":10000,"duration_ms":1555}
{"function_name":"insertion_sort","input_size":10000,"duration_ms":633269}
{"function_name":"bubble_sort","input_size":10000,"duration_ms":1.03929e+06}
{"function_name":"quick_sort","input_size":10000,"duration_ms":2316}
{"function_name":"std_sort","input_size":10000,"duration_ms":1559}
{"function_name":"insertion_sort","input_size":10000,"duration_ms":634625}
{"function_name":"bubble_sort","input_size":10000,"duration_ms":1.03218e+06}
{"function_name":"quick_sort","input_size":10000,"duration_ms":2324}
{"function_name":"std_sort","input_size":10000,"duration_ms":1557}
{"function_name":"insertion_sort","input_size":10000,"duration_ms":616353}
{"function_name":"bubble_sort","input_size":10000,"duration_ms":1.0273e+06}
{"function_name":"quick_sort","input_size":10000,"duration_ms":2275}
{"function_name":"std_sort","input_size":10000,"duration_ms":1559}
{"function_name":"insertion_sort","input_size":10000,"duration_ms":620324}
{"function_name":"bubble_sort","input_size":10000,"duration_ms":1.02789e+06}
{"function_name":"quick_sort","input_size":10000,"duration_ms":2282}
{"function_name":"std_sort","input_size":10000,"duration_ms":1554}
{"function_name":"insertion_sort","input_size":10000,"duration_ms":615295}
{"function_name":"bubble_sort","input_size":10000,"duration_ms":1.02671e+06}
{"function_name":"quick_sort","input_size":10000,"duration_ms":2243}
{"function_name":"std_sort","input_size":10000,"duration_ms":1577}
{"function_name":"insertion_sort","input_size":10000,"duration_ms":615102}
{"function_name":"bubble_sort","input_size":10000,"duration_ms":1.01878e+06}
{"function_name":"quick_sort","input_size":10000,"duration_ms":2285}
{"function_name":"std_sort","input_size":10000,"duration_ms":1546}
{"function_name":"insertion_sort","input_size":10000,"duration_ms":620165}
{"function_name":"bubble_sort","input_size":10000,"duration_ms":1.02333e+06}
{"function_name":"quick_sort","input_size":10000,"duration_ms":2262}
{"function_name":"std_sort","input_size":10000,"duration_ms":1548}
{"function_name":"insertion_sort","input_size":10000,"duration_ms":616803}
{"function_name":"bubble_sort","input_size":10000,"duration_ms":1.01384e+06}
{"function_name":"quick_sort","input_size":10000,"duration_ms":2291}
{"function_name":"std_sort","input_size":10000,"duration_ms":1529}
{"function_name":"insertion_sort","input_size":10000,"duration_ms":621289}
{"function_name":"bubble_sort","input_size":10000,"duration_ms":1.02556e+06}
{"function_name":"quick_sort","input_size":10000,"duration_ms":2249}
{"function_name":"std_sort","input_size":10000,"duration_ms":1555}
{"function_name":"insertion_sort","input_size":10000,"duration_ms":624238}
{"function_name":"bubble_sort","input_size":10000,"duration_ms":1.02252e+06}
{"function_name":"quick_sort","input_size":10000,"duration_ms":2271}
{"function_name":"std_sort","input_size":10000,"duration_ms":1559}
{"function_name":"insertion_sort","input_size":10000,"duration_ms":618111}
{"function_name":"bubble_sort","input_size":10000,"duration_ms":1.02586e+06}
{"function_name":"quick_sort","input_size":10000,"duration_ms":2279}
{"function_name":"std_sort","input_size":10000,"duration_ms":1548}
{"function_name":"insertion_sort","input_size":10000,"duration_ms":626019}
{"function_name":"bubble_sort","input_size":10000,"duration_ms":1.02036e+06}
{"function_name":"quick_sort","input_size":10000,"duration_ms":2327}
{"function_name":"std_sort","input_size":10000,"duration_ms":1556}
{"function_name":"insertion_sort","input_size":10000,"duration_ms":625569}
{"function_name":"bubble_sort","input_size":10000,"duration_ms":1.01874e+06}
{"function_name":"quick_sort","input_size":10000,"duration_ms":2325}
{"function_name":"std_sort","input_size":10000,"duration_ms":1559}
{"function_name":"insertion_sort","input_size":10000,"duration_ms":618954}
{"function_name":"bubble_sort","input_size":10000,"duration_ms":1.02293e+06}
{"function_name":"quick_sort","input_size":10000,"duration_ms":2313}
{"function_name":"std_sort","input_size":10000,"duration_ms":1541}
{"function_name":"insertion_sort","input_size":10000,"duration_ms":615846}
{"function_name":"bubble_sort","input_size":10000,"duration_ms":1.02551e+06}
{"function_name":"quick_sort","input_size":10000,"duration_ms":2289}
{"function_name":"std_sort","input_size":10000,"duration_ms":1560}
{"function_name":"insertion_sort","input_size":10000,"duration_ms":614974}
{"function_name":"bubble_sort","input_size":10000,"duration_ms":1.0116e+06}
{"function_name":"quick_sort","input_size":10000,"duration_ms":2299}
{"function_name":"std_sort","input_size":10000,"duration_ms":1563}
{"function_name":"insertion_sort","input_size":10000,"duration_ms":627385}
{"function_name":"bubble_sort","input_size":10000,"duration_ms":1.02037e+06}
{"function_name":"quick_sort","input_size":10000,"duration_ms":2311}
{"function_name":"std_sort","input_size":10000,"duration_ms":1563}
{"function_name":"insertion_sort","input_size":25000,"duration_ms":3.90432e+06}
{"function_name":"bubble_sort","input_size":25000,"duration_ms":6.36034e+06}
{"function_name":"quick_sort","input_size":25000,"duration_ms":6279}
{"function_name":"std_sort","input_size":25000,"duration_ms":4248}
{"function_name":"insertion_sort","input_size":25000,"duration_ms":3.93567e+06}
{"function_name":"bubble_sort","input_size":25000,"duration_ms":6.40105e+06}
{"function_name":"quick_sort","input_size":25000,"duration_ms":6245}
{"function_name":"std_sort","input_size":25000,"duration_ms":4225}
{"function_name":"insertion_sort","input_size":25000,"duration_ms":3.89835e+06}
{"function_name":"bubble_sort","input_size":25000,"duration_ms":6.39081e+06}
{"function_name":"quick_sort","input_size":25000,"duration_ms":6164}
{"function_name":"std_sort","input_size":25000,"duration_ms":4252}
{"function_name":"insertion_sort","input_size":25000,"duration_ms":3.94912e+06}
{"function_name":"bubble_sort","input_size":25000,"duration_ms":6.41558e+06}
{"function_name":"quick_sort","input_size":25000,"duration_ms":6216}
{"function_name":"std_sort","input_size":25000,"duration_ms":4231}
{"function_name":"insertion_sort","input_size":25000,"duration_ms":3.896e+06}
{"function_name":"bubble_sort","input_size":25000,"duration_ms":6.42252e+06}
{"function_name":"quick_sort","input_size":25000,"duration_ms":6350}
{"function_name":"std_sort","input_size":25000,"duration_ms":4244}
{"function_name":"insertion_sort","input_size":25000,"duration_ms":3.86682e+06}
{"function_name":"bubble_sort","input_size":25000,"duration_ms":6.3652e+06}
{"function_name":"quick_sort","input_size":25000,"duration_ms":6285}
{"function_name":"std_sort","input_size":25000,"duration_ms":4220}
{"function_name":"insertion_sort","input_size":25000,"duration_ms":3.88626e+06}
{"function_name":"bubble_sort","input_size":25000,"duration_ms":6.34109e+06}
{"function_name":"quick_sort","input_size":25000,"duration_ms":6217}
{"function_name":"std_sort","input_size":25000,"duration_ms":4205}
{"function_name":"insertion_sort","input_size":25000,"duration_ms":3.87583e+06}
{"function_name":"bubble_sort","input_size":25000,"duration_ms":6.36129e+06}
{"function_name":"quick_sort","input_size":25000,"duration_ms":6201}
{"function_name":"std_sort","input_size":25000,"duration_ms":4269}
{"function_name":"insertion_sort","input_size":25000,"duration_ms":3.87348e+06}
{"function_name":"bubble_sort","input_size":25000,"duration_ms":6.41322e+06}
{"function_name":"quick_sort","input_size":25000,"duration_ms":6185}
{"function_name":"std_sort","input_size":25000,"duration_ms":4229}
{"function_name":"insertion_sort","input_size":25000,"duration_ms":3.89683e+06}
{"function_name":"bubble_sort","input_size":25000,"duration_ms":6.37725e+06}
{"function_name":"quick_sort","input_size":25000,"duration_ms":6149}
{"function_name":"std_sort","input_size":25000,"duration_ms":4238}
{"function_name":"insertion_sort","input_size":25000,"duration_ms":3.8898e+06}
{"function_name":"bubble_sort","input_size":25000,"duration_ms":6.39276e+06}
{"function_name":"quick_sort","input_size":25000,"duration_ms":6135}
{"function_name":"std_sort","input_size":25000,"duration_ms":4261}
{"function_name":"insertion_sort","input_size":25000,"duration_ms":3.91339e+06}
{"function_name":"bubble_sort","input_size":25000,"duration_ms":6.36787e+06}
{"function_name":"quick_sort","input_size":25000,"duration_ms":6173}
{"function_name":"std_sort","input_size":25000,"duration_ms":4203}
{"function_name":"insertion_sort","input_size":25000,"duration_ms":3.86801e+06}
{"function_name":"bubble_sort","input_size":25000,"duration_ms":6.39294e+06}
{"function_name":"quick_sort","input_size":25000,"duration_ms":6193}
{"function_name":"std_sort","input_size":25000,"duration_ms":4229}
{"function_name":"insertion_sort","input_size":25000,"duration_ms":3.89104e+06}
{"function_name":"bubble_sort","input_size":25000,"duration_ms":6.35064e+06}
{"function_name":"quick_sort","input_size":25000,"duration_ms":6270}
{"function_name":"std_sort","input_size":25000,"duration_ms":4299}
{"function_name":"insertion_sort","input_size":25000,"duration_ms":3.89499e+06}
{"function_name":"bubble_sort","input_size":25000,"duration_ms":6.40718e+06}
{"function_name":"quick_sort","input_size":25000,"duration_ms":6312}
{"function_name":"std_sort","input_size":25000,"duration_ms":4223}
{"function_name":"insertion_sort","input_size":25000,"duration_ms":3.90316e+06}
{"function_name":"bubble_sort","input_size":25000,"duration_ms":6.40837e+06}
{"function_name":"quick_sort","input_size":25000,"duration_ms":6276}
{"function_name":"std_sort","input_size":25000,"duration_ms":4252}
{"function_name":"insertion_sort","input_size":25000,"duration_ms":3.90772e+06}
{"function_name":"bubble_sort","input_size":25000,"duration_ms":6.3633e+06}
{"function_name":"quick_sort","input_size":25000,"duration_ms":6249}
{"function_name":"std_sort","input_size":25000,"duration_ms":4246}
{"function_name":"insertion_sort","input_size":25000,"duration_ms":3.89833e+06}
{"function_name":"bubble_sort","input_size":25000,"duration_ms":6.36132e+06}
{"function_name":"quick_sort","input_size":25000,"duration_ms":6246}
{"function_name":"std_sort","input_size":25000,"duration_ms":4258}
{"function_name":"insertion_sort","input_size":25000,"duration_ms":3.91426e+06}
{"function_name":"bubble_sort","input_size":25000,"duration_ms":6.41044e+06}
{"function_name":"quick_sort","input_size":25000,"duration_ms":6310}
{"function_name":"std_sort","input_size":25000,"duration_ms":4251}
{"function_name":"insertion_sort","input_size":25000,"duration_ms":3.89684e+06}
{"function_name":"bubble_sort","input_size":25000,"duration_ms":6.40335e+06}
{"function_name":"quick_sort","input_size":25000,"duration_ms":6263}
{"function_name":"std_sort","input_size":25000,"duration_ms":4260}
{"function_name":"insertion_sort","input_size":50000,"duration_ms":1.57802e+07}
{"function_name":"bubble_sort","input_size":50000,"duration_ms":2.62347e+07}
{"function_name":"quick_sort","input_size":50000,"duration_ms":13232}
{"function_name":"std_sort","input_size":50000,"duration_ms":9746}
{"function_name":"insertion_sort","input_size":50000,"duration_ms":1.55926e+07}
{"function_name":"bubble_sort","input_size":50000,"duration_ms":2.55894e+07}
{"function_name":"quick_sort","input_size":50000,"duration_ms":13475}
{"function_name":"std_sort","input_size":50000,"duration_ms":9062}
{"function_name":"insertion_sort","input_size":50000,"duration_ms":1.58297e+07}
{"function_name":"bubble_sort","input_size":50000,"duration_ms":2.63043e+07}
{"function_name":"quick_sort","input_size":50000,"duration_ms":13079}
{"function_name":"std_sort","input_size":50000,"duration_ms":9557}
{"function_name":"insertion_sort","input_size":50000,"duration_ms":1.556e+07}
{"function_name":"bubble_sort","input_size":50000,"duration_ms":2.54813e+07}
{"function_name":"quick_sort","input_size":50000,"duration_ms":13070}
{"function_name":"std_sort","input_size":50000,"duration_ms":9074}
{"function_name":"insertion_sort","input_size":50000,"duration_ms":1.58078e+07}
{"function_name":"bubble_sort","input_size":50000,"duration_ms":2.62683e+07}
{"function_name":"quick_sort","input_size":50000,"duration_ms":12984}
{"function_name":"std_sort","input_size":50000,"duration_ms":9553}
{"function_name":"insertion_sort","input_size":50000,"duration_ms":1.55087e+07}
{"function_name":"bubble_sort","input_size":50000,"duration_ms":2.5426e+07}
{"function_name":"quick_sort","input_size":50000,"duration_ms":13149}
{"function_name":"std_sort","input_size":50000,"duration_ms":9110}
{"function_name":"insertion_sort","input_size":50000,"duration_ms":1.56497e+07}
{"function_name":"bubble_sort","input_size":50000,"duration_ms":2.61812e+07}
{"function_name":"quick_sort","input_size":50000,"duration_ms":13159}
{"function_name":"std_sort","input_size":50000,"duration_ms":9809}
{"function_name":"insertion_sort","input_size":50000,"duration_ms":1.55925e+07}
{"function_name":"bubble_sort","input_size":50000,"duration_ms":2.5598e+07}
{"function_name":"quick_sort","input_size":50000,"duration_ms":13253}
{"function_name":"std_sort","input_size":50000,"duration_ms":9025}
{"function_name":"insertion_sort","input_size":50000,"duration_ms":1.57553e+07}
{"function_name":"bubble_sort","input_size":50000,"duration_ms":2.64484e+07}
{"function_name":"quick_sort","input_size":50000,"duration_ms":13460}
{"function_name":"std_sort","input_size":50000,"duration_ms":9485}
{"function_name":"insertion_sort","input_size":50000,"duration_ms":1.55189e+07}
{"function_name":"bubble_sort","input_size":50000,"duration_ms":2.55158e+07}
{"function_name":"quick_sort","input_size":50000,"duration_ms":13087}
{"function_name":"std_sort","input_size":50000,"duration_ms":9088}
{"function_name":"insertion_sort","input_size":50000,"duration_ms":1.58311e+07}
{"function_name":"bubble_sort","input_size":50000,"duration_ms":2.62117e+07}
{"function_name":"quick_sort","input_size":50000,"duration_ms":13339}
{"function_name":"std_sort","input_size":50000,"duration_ms":9341}
{"function_name":"insertion_sort","input_size":50000,"duration_ms":1.56395e+07}
{"function_name":"bubble_sort","input_size":50000,"duration_ms":2.55903e+07}
{"function_name":"quick_sort","input_size":50000,"duration_ms":13225}
{"function_name":"std_sort","input_size":50000,"duration_ms":9030}
{"function_name":"insertion_sort","input_size":50000,"duration_ms":1.57673e+07}
{"function_name":"bubble_sort","input_size":50000,"duration_ms":2.6257e+07}
{"function_name":"quick_sort","input_size":50000,"duration_ms":13095}
{"function_name":"std_sort","input_size":50000,"duration_ms":9526}
{"function_name":"insertion_sort","input_size":50000,"duration_ms":1.54749e+07}
{"function_name":"bubble_sort","input_size":50000,"duration_ms":2.5465e+07}
{"function_name":"quick_sort","input_size":50000,"duration_ms":13011}
{"function_name":"std_sort","input_size":50000,"duration_ms":9005}
{"function_name":"insertion_sort","input_size":50000,"duration_ms":1.5675e+07}
{"function_name":"bubble_sort","input_size":50000,"duration_ms":2.6186e+07}
{"function_name":"quick_sort","input_size":50000,"duration_ms":13169}
{"function_name":"std_sort","input_size":50000,"duration_ms":9715}
{"function_name":"insertion_sort","input_size":50000,"duration_ms":1.55989e+07}
{"function_name":"bubble_sort","input_size":50000,"duration_ms":2.55468e+07}
{"function_name":"quick_sort","input_size":50000,"duration_ms":13333}
{"function_name":"std_sort","input_size":50000,"duration_ms":9044}
{"function_name":"insertion_sort","input_size":50000,"duration_ms":1.56647e+07}
{"function_name":"bubble_sort","input_size":50000,"duration_ms":2.62456e+07}
{"function_name":"quick_sort","input_size":50000,"duration_ms":13107}
{"function_name":"std_sort","input_size":50000,"duration_ms":9511}
{"function_name":"insertion_sort","input_size":50000,"duration_ms":1.56106e+07}
{"function_name":"bubble_sort","input_size":50000,"duration_ms":2.56266e+07}
{"function_name":"quick_sort","input_size":50000,"duration_ms":13103}
{"function_name":"std_sort","input_size":50000,"duration_ms":9095}
{"function_name":"insertion_sort","input_size":50000,"duration_ms":1.58199e+07}
{"function_name":"bubble_sort","input_size":50000,"duration_ms":2.63292e+07}
{"function_name":"quick_sort","input_size":50000,"duration_ms":13168}
{"function_name":"std_sort","input_size":50000,"duration_ms":9220}
{"function_name":"insertion_sort","input_size":50000,"duration_ms":1.55657e+07}
{"function_name":"bubble_sort","input_size":50000,"duration_ms":2.55868e+07}
{"function_name":"quick_sort","input_size":50000,"duration_ms":13164}
{"function_name":"std_sort","input_size":50000,"duration_ms":9142}
{"function_name":"insertion_sort","input_size":1000,"duration_ms":7}
{"function_name":"bubble_sort","input_size":1000,"duration_ms":10}
{"function_name":"quick_sort","input_size":1000,"duration_ms":0}
{"function_name":"std_sort","input_size":1000,"duration_ms":0}
{"function_name":"insertion_sort","input_size":1000,"duration_ms":6}
{"function_name":"bubble_sort","input_size":1000,"duration_ms":12}
{"function_name":"quick_sort","input_size":1000,"duration_ms":0}
{"function_name":"std_sort","input_size":1000,"duration_ms":0}
{"function_name":"insertion_sort","input_size":1000,"duration_ms":7}
{"function_name":"bubble_sort","input_size":1000,"duration_ms":10}
{"function_name":"quick_sort","input_size":1000,"duration_ms":0}
{"function_name":"std_sort","input_size":1000,"duration_ms":0}
{"function_name":"insertion_sort","input_size":1000,"duration_ms":5}
{"function_name":"bubble_sort","input_size":1000,"duration_ms":10}
{"function_name":"quick_sort","input_size":1000,"duration_ms":0}
{"function_name":"std_sort","input_size":1000,"duration_ms":0}
{"function_name":"insertion_sort","input_size":1000,"duration_ms":6}
{"function_name":"bubble_sort","input_size":1000,"duration_ms":10}
{"function_name":"quick_sort","input_size":1000,"duration_ms":0}
{"function_name":"std_sort","input_size":1000,"duration_ms":0}
{"function_name":"insertion_sort","input_size":1000,"duration_ms":6}
{"function_name":"bubble_sort","input_size":1000,"duration_ms":10}
{"function_name":"quick_sort","input_size":1000,"duration_ms":0}
{"function_name":"std_sort","input_size":1000,"duration_ms":0}
{"function_name":"insertion_sort","input_size":1000,"duration_ms":6}
{"function_name":"bubble_sort","input_size":1000,"duration_ms":10}
{"function_name":"quick_sort","input_size":1000,"duration_ms":0}
{"function_name":"std_sort","input_size":1000,"duration_ms":0}
{"function_name":"insertion_sort","input_size":1000,"duration_ms":6}
{"function_name":"bubble_sort","input_size":1000,"duration_ms":10}
{"function_name":"quick_sort","input_size":1000,"duration_ms":0}
{"function_name":"std_sort","input_size":1000,"duration_ms":0}
{"function_name":"insertion_sort","input_size":1000,"duration_ms":6}
{"function_name":"bubble_sort","input_size":1000,"duration_ms":10}
{"function_name":"quick_sort","input_size":1000,"duration_ms":0}
{"function_name":"std_sort","input_size":1000,"duration_ms":0}
{"function_name":"insertion_sort","input_size":1000,"duration_ms":6}
{"function_name":"bubble_sort","input_size":1000,"duration_ms":10}
{"function_name":"quick_sort","input_size":1000,"duration_ms":0}
{"function_name":"std_sort","input_size":1000,"duration_ms":0}
{"function_name":"insertion_sort","input_size":1000,"duration_ms":6}
{"function_name":"bubble_sort","input_size":1000,"duration_ms":10}
{"function_name":"quick_sort","input_size":1000,"duration_ms":0}
{"function_name":"std_sort","input_size":1000,"duration_ms":0}
{"function_name":"insertion_sort","input_size":1000,"duration_ms":6}
{"function_name":"bubble_sort","input_size":1000,"duration_ms":10}
{"function_name":"quick_sort","input_size":1000,"duration_ms":0}
{"function_name":"std_sort","input_size":1000,"duration_ms":0}
{"function_name":"insertion_sort","input_size":1000,"duration_ms":6}
{"function_name":"bubble_sort","input_size":1000,"duration_ms":10}
{"function_name":"quick_sort","input_size":1000,"duration_ms":0}
{"function_name":"std_sort","input_size":1000,"duration_ms":0}
{"function_name":"insertion_sort","input_size":1000,"duration_ms":6}
{"function_name":"bubble_sort","input_size":1000,"duration_ms":10}
{"function_name":"quick_sort","input_size":1000,"duration_ms":0}
{"function_name":"std_sort","input_size":1000,"duration_ms":0}
{"function_name":"insertion_sort","input_size":1000,"duration_ms":6}
{"function_name":"bubble_sort","input_size":1000,"duration_ms":10}
{"function_name":"quick_sort","input_size":1000,"duration_ms":0}
{"function_name":"std_sort","input_size":1000,"duration_ms":0}
{"function_name":"insertion_sort","input_size":1000,"duration_ms":6}
{"function_name":"bubble_sort","input_size":1000,"duration_ms":10}
{"function_name":"quick_sort","input_size":1000,"duration_ms":0}
{"function_name":"std_sort","input_size":1000,"duration_ms":0}
{"function_name":"insertion_sort","input_size":1000,"duration_ms":5}
{"function_name":"bubble_sort","input_size":1000,"duration_ms":10}
{"function_name":"quick_sort","input_size":1000,"duration_ms":0}
{"function_name":"std_sort","input_size":1000,"duration_ms":0}
{"function_name":"insertion_sort","input_size":1000,"duration_ms":6}
{"function_name":"bubble_sort","input_size":1000,"duration_ms":10}
{"function_name":"quick_sort","input_size":1000,"duration_ms":0}
{"function_name":"std_sort","input_size":1000,"duration_ms":0}
{"function_name":"insertion_sort","input_size":1000,"duration_ms":6}
{"function_name":"bubble_sort","input_size":1000,"duration_ms":10}
{"function_name":"quick_sort","input_size":1000,"duration_ms":0}
{"function_name":"std_sort","input_size":1000,"duration_ms":0}
{"function_name":"insertion_sort","input_size":1000,"duration_ms":6}
{"function_name":"bubble_sort","input_size":1000,"duration_ms":10}
{"function_name":"quick_sort","input_size":1000,"duration_ms":0}
{"function_name":"std_sort","input_size":1000,"duration_ms":0}
{"function_name":"insertion_sort","input_size":2500,"duration_ms":38}
{"function_name":"bubble_sort","input_size":2500,"duration_ms":64}
{"function_name":"quick_sort","input_size":2500,"duration_ms":0}
{"function_name":"std_sort","input_size":2500,"duration_ms":0}
{"function_name":"insertion_sort","input_size":2500,"duration_ms":38}
{"function_name":"bubble_sort","input_size":2500,"duration_ms":64}
{"function_name":"quick_sort","input_size":2500,"duration_ms":0}
{"function_name":"std_sort","input_size":2500,"duration_ms":0}
{"function_name":"insertion_sort","input_size":2500,"duration_ms":38}
{"function_name":"bubble_sort","input_size":2500,"duration_ms":64}
{"function_name":"quick_sort","input_size":2500,"duration_ms":0}
{"function_name":"std_sort","input_size":2500,"duration_ms":0}
{"function_name":"insertion_sort","input_size":2500,"duration_ms":37}
{"function_name":"bubble_sort","input_size":2500,"duration_ms":63}
{"function_name":"quick_sort","input_size":2500,"duration_ms":0}
{"function_name":"std_sort","input_size":2500,"duration_ms":0}
{"function_name":"insertion_sort","input_size":2500,"duration_ms":37}
{"function_name":"bubble_sort","input_size":2500,"duration_ms":64}
{"function_name":"quick_sort","input_size":2500,"duration_ms":0}
{"function_name":"std_sort","input_size":2500,"duration_ms":0}
{"function_name":"insertion_sort","input_size":2500,"duration_ms":38}
{"function_name":"bubble_sort","input_size":2500,"duration_ms":64}
{"function_name":"quick_sort","input_size":2500,"duration_ms":0}
{"function_name":"std_sort","input_size":2500,"duration_ms":0}
{"function_name":"insertion_sort","input_size":2500,"duration_ms":38}
{"function_name":"bubble_sort","input_size":2500,"duration_ms":64}
{"function_name":"quick_sort","input_size":2500,"duration_ms":0}
{"function_name":"std_sort","input_size":2500,"duration_ms":0}
{"function_name":"insertion_sort","input_size":2500,"duration_ms":39}
{"function_name":"bubble_sort","input_size":2500,"duration_ms":67}
{"function_name":"quick_sort","input_size":2500,"duration_ms":0}
{"function_name":"std_sort","input_size":2500,"duration_ms":0}
{"function_name":"insertion_sort","input_size":2500,"duration_ms":44}
{"function_name":"bubble_sort","input_size":2500,"duration_ms":65}
{"function_name":"quick_sort","input_size":2500,"duration_ms":0}
{"function_name":"std_sort","input_size":2500,"duration_ms":0}
{"function_name":"insertion_sort","input_size":2500,"duration_ms":42}
{"function_name":"bubble_sort","input_size":2500,"duration_ms":65}
{"function_name":"quick_sort","input_size":2500,"duration_ms":0}
{"function_name":"std_sort","input_size":2500,"duration_ms":0}
{"function_name":"insertion_sort","input_size":2500,"duration_ms":38}
{"function_name":"bubble_sort","input_size":2500,"duration_ms":63}
{"function_name":"quick_sort","input_size":2500,"duration_ms":0}
{"function_name":"std_sort","input_size":2500,"duration_ms":0}
{"function_name":"insertion_sort","input_size":2500,"duration_ms":37}
{"function_name":"bubble_sort","input_size":2500,"duration_ms":64}
{"function_name":"quick_sort","input_size":2500,"duration_ms":0}
{"function_name":"std_sort","input_size":2500,"duration_ms":0}
{"function_name":"insertion_sort","input_size":2500,"duration_ms":38}
{"function_name":"bubble_sort","input_size":2500,"duration_ms":64}
{"function_name":"quick_sort","input_size":2500,"duration_ms":0}
{"function_name":"std_sort","input_size":2500,"duration_ms":0}
{"function_name":"insertion_sort","input_size":2500,"duration_ms":38}
{"function_name":"bubble_sort","input_size":2500,"duration_ms":63}
{"function_name":"quick_sort","input_size":2500,"duration_ms":0}
{"function_name":"std_sort","input_size":2500,"duration_ms":0}
{"function_name":"insertion_sort","input_size":2500,"duration_ms":38}
{"function_name":"bubble_sort","input_size":2500,"duration_ms":74}
{"function_name":"quick_sort","input_size":2500,"duration_ms":0}
{"function_name":"std_sort","input_size":2500,"duration_ms":0}
{"function_name":"insertion_sort","input_size":2500,"duration_ms":40}
{"function_name":"bubble_sort","input_size":2500,"duration_ms":67}
{"function_name":"quick_sort","input_size":2500,"duration_ms":0}
{"function_name":"std_sort","input_size":2500,"duration_ms":0}
{"function_name":"insertion_sort","input_size":2500,"duration_ms":39}
{"function_name":"bubble_sort","input_size":2500,"duration_ms":66}
{"function_name":"quick_sort","input_size":2500,"duration_ms":0}
{"function_name":"std_sort","input_size":2500,"duration_ms":0}
{"function_name":"insertion_sort","input_size":2500,"duration_ms":41}
{"function_name":"bubble_sort","input_size":2500,"duration_ms":64}
{"function_name":"quick_sort","input_size":2500,"duration_ms":0}
{"function_name":"std_sort","input_size":2500,"duration_ms":0}
{"function_name":"insertion_sort","input_size":2500,"duration_ms":39}
{"function_name":"bubble_sort","input_size":2500,"duration_ms":65}
{"function_name":"quick_sort","input_size":2500,"duration_ms":0}
{"function_name":"std_sort","input_size":2500,"duration_ms":0}
{"function_name":"insertion_sort","input_size":2500,"duration_ms":39}
{"function_name":"bubble_sort","input_size":2500,"duration_ms":64}
{"function_name":"quick_sort","input_size":2500,"duration_ms":0}
{"function_name":"std_sort","input_size":2500,"duration_ms":0}
{"function_name":"insertion_sort","input_size":5000,"duration_ms":158}
{"function_name":"bubble_sort","input_size":5000,"duration_ms":268}
{"function_name":"quick_sort","input_size":5000,"duration_ms":1}
{"function_name":"std_sort","input_size":5000,"duration_ms":0}
{"function_name":"insertion_sort","input_size":5000,"duration_ms":169}
{"function_name":"bubble_sort","input_size":5000,"duration_ms":270}
{"function_name":"quick_sort","input_size":5000,"duration_ms":1}
{"function_name":"std_sort","input_size":5000,"duration_ms":0}
{"function_name":"insertion_sort","input_size":5000,"duration_ms":154}
{"function_name":"bubble_sort","input_size":5000,"duration_ms":265}
{"function_name":"quick_sort","input_size":5000,"duration_ms":1}
{"function_name":"std_sort","input_size":5000,"duration_ms":0}
{"function_name":"insertion_sort","input_size":5000,"duration_ms":167}
{"function_name":"bubble_sort","input_size":5000,"duration_ms":265}
{"function_name":"quick_sort","input_size":5000,"duration_ms":1}
{"function_name":"std_sort","input_size":5000,"duration_ms":0}
{"function_name":"insertion_sort","input_size":5000,"duration_ms":164}
{"function_name":"bubble_sort","input_size":5000,"duration_ms":260}
{"function_name":"quick_sort","input_size":5000,"duration_ms":1}
{"function_name":"std_sort","input_size":5000,"duration_ms":0}
{"function_name":"insertion_sort","input_size":5000,"duration_ms":152}
{"function_name":"bubble_sort","input_size":5000,"duration_ms":257}
{"function_name":"quick_sort","input_size":5000,"duration_ms":1}
{"function_name":"std_sort","input_size":5000,"duration_ms":0}
{"function_name":"insertion_sort","input_size":5000,"duration_ms":155}
{"function_name":"bubble_sort","input_size":5000,"duration_ms":259}
{"function_name":"quick_sort","input_size":5000,"duration_ms":1}
{"function_name":"std_sort","input_size":5000,"duration_ms":0}
{"function_name":"insertion_sort","input_size":5000,"duration_ms":154}
{"function_name":"bubble_sort","input_size":5000,"duration_ms":270}
{"function_name":"quick_sort","input_size":5000,"duration_ms":1}
{"function_name":"std_sort","input_size":5000,"duration_ms":0}
{"function_name":"insertion_sort","input_size":5000,"duration_ms":155}
{"function_name":"bubble_sort","input_size":5000,"duration_ms":255}
{"function_name":"quick_sort","input_size":5000,"duration_ms":1}
{"function_name":"std_sort","input_size":5000,"duration_ms":0}
{"function_name":"insertion_sort","input_size":5000,"duration_ms":151}
{"function_name":"bubble_sort","input_size":5000,"duration_ms":254}
{"function_name":"quick_sort","input_size":5000,"duration_ms":1}
{"function_name":"std_sort","input_size":5000,"duration_ms":0}
{"function_name":"insertion_sort","input_size":5000,"duration_ms":154}
{"function_name":"bubble_sort","input_size":5000,"duration_ms":255}
{"function_name":"quick_sort","input_size":5000,"duration_ms":1}
{"function_name":"std_sort","input_size":5000,"duration_ms":0}
{"function_name":"insertion_sort","input_size":5000,"duration_ms":154}
{"function_name":"bubble_sort","input_size":5000,"duration_ms":267}
{"function_name":"quick_sort","input_size":5000,"duration_ms":1}
{"function_name":"std_sort","input_size":5000,"duration_ms":0}
{"function_name":"insertion_sort","input_size":5000,"duration_ms":179}
{"function_name":"bubble_sort","input_size":5000,"duration_ms":265}
{"function_name":"quick_sort","input_size":5000,"duration_ms":1}
{"function_name":"std_sort","input_size":5000,"duration_ms":0}
{"function_name":"insertion_sort","input_size":5000,"duration_ms":156}
{"function_name":"bubble_sort","input_size":5000,"duration_ms":255}
{"function_name":"quick_sort","input_size":5000,"duration_ms":1}
{"function_name":"std_sort","input_size":5000,"duration_ms":0}
{"function_name":"insertion_sort","input_size":5000,"duration_ms":166}
{"function_name":"bubble_sort","input_size":5000,"duration_ms":266}
{"function_name":"quick_sort","input_size":5000,"duration_ms":1}
{"function_name":"std_sort","input_size":5000,"duration_ms":0}
{"function_name":"insertion_sort","input_size":5000,"duration_ms":157}
{"function_name":"bubble_sort","input_size":5000,"duration_ms":265}
{"function_name":"quick_sort","input_size":5000,"duration_ms":1}
{"function_name":"std_sort","input_size":5000,"duration_ms":0}
{"function_name":"insertion_sort","input_size":5000,"duration_ms":156}
{"function_name":"bubble_sort","input_size":5000,"duration_ms":271}
{"function_name":"quick_sort","input_size":5000,"duration_ms":1}
{"function_name":"std_sort","input_size":5000,"duration_ms":0}
{"function_name":"insertion_sort","input_size":5000,"duration_ms":154}
{"function_name":"bubble_sort","input_size":5000,"duration_ms":265}
{"function_name":"quick_sort","input_size":5000,"duration_ms":1}
{"function_name":"std_sort","input_size":5000,"duration_ms":0}
{"function_name":"insertion_sort","input_size":5000,"duration_ms":155}
{"function_name":"bubble_sort","input_size":5000,"duration_ms":265}
{"function_name":"quick_sort","input_size":5000,"duration_ms":1}
{"function_name":"std_sort","input_size":5000,"duration_ms":0}
{"function_name":"insertion_sort","input_size":5000,"duration_ms":161}
{"function_name":"bubble_sort","input_size":5000,"duration_ms":255}
{"function_name":"quick_sort","input_size":5000,"duration_ms":1}
{"function_name":"std_sort","input_size":5000,"duration_ms":0}
{"function_name":"insertion_sort","input_size":10000,"duration_ms":628}
{"function_name":"bubble_sort","input_size":10000,"duration_ms":1034}
{"function_name":"quick_sort","input_size":10000,"duration_ms":2}
{"function_name":"std_sort","input_size":10000,"duration_ms":1}
{"function_name":"insertion_sort","input_size":10000,"duration_ms":635}
{"function_name":"bubble_sort","input_size":10000,"duration_ms":1042}
{"function_name":"quick_sort","input_size":10000,"duration_ms":2}
{"function_name":"std_sort","input_size":10000,"duration_ms":1}
{"function_name":"insertion_sort","input_size":10000,"duration_ms":645}
{"function_name":"bubble_sort","input_size":10000,"duration_ms":1035}
{"function_name":"quick_sort","input_size":10000,"duration_ms":2}
{"function_name":"std_sort","input_size":10000,"duration_ms":1}
{"function_name":"insertion_sort","input_size":10000,"duration_ms":619}
{"function_name":"bubble_sort","input_size":10000,"duration_ms":1034}
{"function_name":"quick_sort","input_size":10000,"duration_ms":2}
{"function_name":"std_sort","input_size":10000,"duration_ms":1}
{"function_name":"insertion_sort","input_size":10000,"duration_ms":627}
{"function_name":"bubble_sort","input_size":10000,"duration_ms":1018}
{"function_name":"quick_sort","input_size":10000,"duration_ms":2}
{"function_name":"std_sort","input_size":10000,"duration_ms":1}
{"function_name":"insertion_sort","input_size":10000,"duration_ms":612}
{"function_name":"bubble_sort","input_size":10000,"duration_ms":1024}
{"function_name":"quick_sort","input_size":10000,"duration_ms":2}
{"function_name":"std_sort","input_size":10000,"duration_ms":1}
{"function_name":"insertion_sort","input_size":10000,"duration_ms":623}
{"function_name":"bubble_sort","input_size":10000,"duration_ms":1029}
{"function_name":"quick_sort","input_size":10000,"duration_ms":2}
{"function_name":"std_sort","input_size":10000,"duration_ms":1}
{"function_name":"insertion_sort","input_size":10000,"duration_ms":620}
{"function_name":"bubble_sort","input_size":10000,"duration_ms":1015}
{"function_name":"quick_sort","input_size":10000,"duration_ms":2}
{"function_name":"std_sort","input_size":10000,"duration_ms":1}
{"function_name":"insertion_sort","input_size":10000,"duration_ms":623}
{"function_name":"bubble_sort","input_size":10000,"duration_ms":1017}
{"function_name":"quick_sort","input_size":10000,"duration_ms":2}
{"function_name":"std_sort","input_size":10000,"duration_ms":1}
{"function_name":"insertion_sort","input_size":10000,"duration_ms":640}
{"function_name":"bubble_sort","input_size":10000,"duration_ms":1028}
{"function_name":"quick_sort","input_size":10000,"duration_ms":2}
{"function_name":"std_sort","input_size":10000,"duration_ms":1}
{"function_name":"insertion_sort","input_size":10000,"duration_ms":631}
{"function_name":"bubble_sort","input_size":10000,"duration_ms":1036}
{"function_name":"quick_sort","input_size":10000,"duration_ms":2}
{"function_name":"std_sort","input_size":10000,"duration_ms":1}
{"function_name":"insertion_sort","input_size":10000,"duration_ms":647}
{"function_name":"bubble_sort","input_size":10000,"duration_ms":1044}
{"function_name":"quick_sort","input_size":10000,"duration_ms":2}
{"function_name":"std_sort","input_size":10000,"duration_ms":1}
{"function_name":"insertion_sort","input_size":10000,"duration_ms":617}
{"function_name":"bubble_sort","input_size":10000,"duration_ms":1030}
{"function_name":"quick_sort","input_size":10000,"duration_ms":2}
{"function_name":"std_sort","input_size":10000,"duration_ms":1}
{"function_name":"insertion_sort","input_size":10000,"duration_ms":618}
{"function_name":"bubble_sort","input_size":10000,"duration_ms":1015}
{"function_name":"quick_sort","input_size":10000,"duration_ms":2}
{"function_name":"std_sort","input_size":10000,"duration_ms":1}
{"function_name":"insertion_sort","input_size":10000,"duration_ms":619}
{"function_name":"bubble_sort","input_size":10000,"duration_ms":1025}
{"function_name":"quick_sort","input_size":10000,"duration_ms":2}
{"function_name":"std_sort","input_size":10000,"duration_ms":1}
{"function_name":"insertion_sort","input_size":10000,"duration_ms":626}
{"function_name":"bubble_sort","input_size":10000,"duration_ms":1030}
{"function_name":"quick_sort","input_size":10000,"duration_ms":2}
{"function_name":"std_sort","input_size":10000,"duration_ms":1}
{"function_name":"insertion_sort","input_size":10000,"duration_ms":620}
{"function_name":"bubble_sort","input_size":10000,"duration_ms":1045}
{"function_name":"quick_sort","input_size":10000,"duration_ms":2}
{"function_name":"std_sort","input_size":10000,"duration_ms":1}
{"function_name":"insertion_sort","input_size":10000,"duration_ms":618}
{"function_name":"bubble_sort","input_size":10000,"duration_ms":1025}
{"function_name":"quick_sort","input_size":10000,"duration_ms":2}
{"function_name":"std_sort","input_size":10000,"duration_ms":1}
{"function_name":"insertion_sort","input_size":10000,"duration_ms":618}
{"function_name":"bubble_sort","input_size":10000,"duration_ms":1043}
{"function_name":"quick_sort","input_size":10000,"duration_ms":2}
{"function_name":"std_sort","input_size":10000,"duration_ms":1}
{"function_name":"insertion_sort","input_size":10000,"duration_ms":617}
{"function_name":"bubble_sort","input_size":10000,"duration_ms":1024}
{"function_name":"quick_sort","input_size":10000,"duration_ms":2}
{"function_name":"std_sort","input_size":10000,"duration_ms":1}
{"function_name":"insertion_sort","input_size":25000,"duration_ms":3865}
{"function_name":"bubble_sort","input_size":25000,"duration_ms":6368}
{"function_name":"quick_sort","input_size":25000,"duration_ms":6}
{"function_name":"std_sort","input_size":25000,"duration_ms":4}
{"function_name":"insertion_sort","input_size":25000,"duration_ms":3902}
{"function_name":"bubble_sort","input_size":25000,"duration_ms":6336}
{"function_name":"quick_sort","input_size":25000,"duration_ms":6}
{"function_name":"std_sort","input_size":25000,"duration_ms":4}
{"function_name":"insertion_sort","input_size":25000,"duration_ms":3889}
{"function_name":"bubble_sort","input_size":25000,"duration_ms":6378}
{"function_name":"quick_sort","input_size":25000,"duration_ms":7}
{"function_name":"std_sort","input_size":25000,"duration_ms":5}
{"function_name":"insertion_sort","input_size":25000,"duration_ms":3860}
{"function_name":"bubble_sort","input_size":25000,"duration_ms":6322}
{"function_name":"quick_sort","input_size":25000,"duration_ms":6}
{"function_name":"std_sort","input_size":25000,"duration_ms":4}
{"function_name":"insertion_sort","input_size":25000,"duration_ms":3903}
{"function_name":"bubble_sort","input_size":25000,"duration_ms":6316}
{"function_name":"quick_sort","input_size":25000,"duration_ms":6}
{"function_name":"std_sort","input_size":25000,"duration_ms":4}
{"function_name":"insertion_sort","input_size":25000,"duration_ms":3889}
{"function_name":"bubble_sort","input_size":25000,"duration_ms":6348}
{"function_name":"quick_sort","input_size":25000,"duration_ms":6}
{"function_name":"std_sort","input_size":25000,"duration_ms":4}
{"function_name":"insertion_sort","input_size":25000,"duration_ms":3886}
{"function_name":"bubble_sort","input_size":25000,"duration_ms":6374}
{"function_name":"quick_sort","input_size":25000,"duration_ms":6}
{"function_name":"std_sort","input_size":25000,"duration_ms":4}
{"function_name":"insertion_sort","input_size":25000,"duration_ms":3872}
{"function_name":"bubble_sort","input_size":25000,"duration_ms":6333}
{"function_name":"quick_sort","input_size":25000,"duration_ms":6}
{"function_name":"std_sort","input_size":25000,"duration_ms":4}
{"function_name":"insertion_sort","input_size":25000,"duration_ms":3886}
{"function_name":"bubble_sort","input_size":25000,"duration_ms":6385}
{"function_name":"quick_sort","input_size":25000,"duration_ms":6}
{"function_name":"std_sort","input_size":25000,"duration_ms":4}
{"function_name":"insertion_sort","input_size":25000,"duration_ms":3897}
{"function_name":"bubble_sort","input_size":25000,"duration_ms":6364}
{"function_name":"quick_sort","input_size":25000,"duration_ms":6}
{"function_name":"std_sort","input_size":25000,"duration_ms":4}
{"function_name":"insertion_sort","input_size":25000,"duration_ms":3890}
{"function_name":"bubble_sort","input_size":25000,"duration_ms":6408}
{"function_name":"quick_sort","input_size":25000,"duration_ms":6}
{"function_name":"std_sort","input_size":25000,"duration_ms":4}
{"function_name":"insertion_sort","input_size":25000,"duration_ms":3876}
{"function_name":"bubble_sort","input_size":25000,"duration_ms":6334}
{"function_name":"quick_sort","input_size":25000,"duration_ms":6}
{"function_name":"std_sort","input_size":25000,"duration_ms":4}
{"function_name":"insertion_sort","input_size":25000,"duration_ms":3911}
{"function_name":"bubble_sort","input_size":25000,"duration_ms":6399}
{"function_name":"quick_sort","input_size":25000,"duration_ms":6}
{"function_name":"std_sort","input_size":25000,"duration_ms":4}
{"function_name":"insertion_sort","input_size":25000,"duration_ms":3877}
{"function_name":"bubble_sort","input_size":25000,"duration_ms":6361}
{"function_name":"quick_sort","input_size":25000,"duration_ms":6}
{"function_name":"std_sort","input_size":25000,"duration_ms":4}
{"function_name":"insertion_sort","input_size":25000,"duration_ms":3914}
{"function_name":"bubble_sort","input_size":25000,"duration_ms":6373}
{"function_name":"quick_sort","input_size":25000,"duration_ms":6}
{"function_name":"std_sort","input_size":25000,"duration_ms":4}
{"function_name":"insertion_sort","input_size":25000,"duration_ms":3891}
{"function_name":"bubble_sort","input_size":25000,"duration_ms":6382}
{"function_name":"quick_sort","input_size":25000,"duration_ms":6}
{"function_name":"std_sort","input_size":25000,"duration_ms":4}
{"function_name":"insertion_sort","input_size":25000,"duration_ms":3879}
{"function_name":"bubble_sort","input_size":25000,"duration_ms":6343}
{"function_name":"quick_sort","input_size":25000,"duration_ms":6}
{"function_name":"std_sort","input_size":25000,"duration_ms":4}
{"function_name":"insertion_sort","input_size":25000,"duration_ms":3895}
{"function_name":"bubble_sort","input_size":25000,"duration_ms":6340}
{"function_name":"quick_sort","input_size":25000,"duration_ms":6}
{"function_name":"std_sort","input_size":25000,"duration_ms":4}
{"function_name":"insertion_sort","input_size":25000,"duration_ms":3902}
{"function_name":"bubble_sort","input_size":25000,"duration_ms":6341}
{"function_name":"quick_sort","input_size":25000,"duration_ms":6}
{"function_name":"std_sort","input_size":25000,"duration_ms":4}
{"function_name":"insertion_sort","input_size":25000,"duration_ms":3888}
{"function_name":"bubble_sort","input_size":25000,"duration_ms":6363}
{"function_name":"quick_sort","input_size":25000,"duration_ms":6}
{"function_name":"std_sort","input_size":25000,"duration_ms":4}
{"function_name":"insertion_sort","input_size":50000,"duration_ms":16183}
{"function_name":"bubble_sort","input_size":50000,"duration_ms":26238}
{"function_name":"quick_sort","input_size":50000,"duration_ms":13}
{"function_name":"std_sort","input_size":50000,"duration_ms":8}
{"function_name":"insertion_sort","input_size":50000,"duration_ms":15541}
{"function_name":"bubble_sort","input_size":50000,"duration_ms":25405}
{"function_name":"quick_sort","input_size":50000,"duration_ms":13}
{"function_name":"std_sort","input_size":50000,"duration_ms":9}
{"function_name":"insertion_sort","input_size":50000,"duration_ms":15651}
{"function_name":"bubble_sort","input_size":50000,"duration_ms":26133}
{"function_name":"quick_sort","input_size":50000,"duration_ms":13}
{"function_name":"std_sort","input_size":50000,"duration_ms":9}
{"function_name":"insertion_sort","input_size":50000,"duration_ms":15609}
{"function_name":"bubble_sort","input_size":50000,"duration_ms":25657}
{"function_name":"quick_sort","input_size":50000,"duration_ms":13}
{"function_name":"std_sort","input_size":50000,"duration_ms":10}
{"function_name":"insertion_sort","input_size":50000,"duration_ms":15648}
{"function_name":"bubble_sort","input_size":50000,"duration_ms":26152}
{"function_name":"quick_sort","input_size":50000,"duration_ms":13}
{"function_name":"std_sort","input_size":50000,"duration_ms":9}
{"function_name":"insertion_sort","input_size":50000,"duration_ms":15522}
{"function_name":"bubble_sort","input_size":50000,"duration_ms":25423}
{"function_name":"quick_sort","input_size":50000,"duration_ms":13}
{"function_name":"std_sort","input_size":50000,"duration_ms":9}
{"function_name":"insertion_sort","input_size":50000,"duration_ms":15627}
{"function_name":"bubble_sort","input_size":50000,"duration_ms":26179}
{"function_name":"quick_sort","input_size":50000,"duration_ms":13}
{"function_name":"std_sort","input_size":50000,"duration_ms":9}
{"function_name":"insertion_sort","input_size":50000,"duration_ms":15537}
{"function_name":"bubble_sort","input_size":50000,"duration_ms":25389}
{"function_name":"quick_sort","input_size":50000,"duration_ms":13}
{"function_name":"std_sort","input_size":50000,"duration_ms":9}
{"function_name":"insertion_sort","input_size":50000,"duration_ms":15685}
{"function_name":"bubble_sort","input_size":50000,"duration_ms":26199}
{"function_name":"quick_sort","input_size":50000,"duration_ms":13}
{"function_name":"std_sort","input_size":50000,"duration_ms":9}
{"function_name":"insertion_sort","input_size":50000,"duration_ms":15509}
{"function_name":"bubble_sort","input_size":50000,"duration_ms":25698}
{"function_name":"quick_sort","input_size":50000,"duration_ms":13}
{"function_name":"std_sort","input_size":50000,"duration_ms":9}
{"function_name":"insertion_sort","input_size":50000,"duration_ms":15735}
{"function_name":"bubble_sort","input_size":50000,"duration_ms":26290}
{"function_name":"quick_sort","input_size":50000,"duration_ms":13}
{"function_name":"std_sort","input_size":50000,"duration_ms":9}
{"function_name":"insertion_sort","input_size":50000,"duration_ms":15476}
{"function_name":"bubble_sort","input_size":50000,"duration_ms":25618}
{"function_name":"quick_sort","input_size":50000,"duration_ms":13}
{"function_name":"std_sort","input_size":50000,"duration_ms":9}
{"function_name":"insertion_sort","input_size":50000,"duration_ms":15884}
{"function_name":"bubble_sort","input_size":50000,"duration_ms":26349}
{"function_name":"quick_sort","input_size":50000,"duration_ms":14}
{"function_name":"std_sort","input_size":50000,"duration_ms":9}
{"function_name":"insertion_sort","input_size":50000,"duration_ms":15495}
{"function_name":"bubble_sort","input_size":50000,"duration_ms":25403}
{"function_name":"quick_sort","input_size":50000,"duration_ms":13}
{"function_name":"std_sort","input_size":50000,"duration_ms":9}
{"function_name":"insertion_sort","input_size":50000,"duration_ms":15573}
{"function_name":"bubble_sort","input_size":50000,"duration_ms":26325}
{"function_name":"quick_sort","input_size":50000,"duration_ms":13}
{"function_name":"std_sort","input_size":50000,"duration_ms":9}
{"function_name":"insertion_sort","input_size":50000,"duration_ms":15399}
{"function_name":"bubble_sort","input_size":50000,"duration_ms":25398}
{"function_name":"quick_sort","input_size":50000,"duration_ms":13}
{"function_name":"std_sort","input_size":50000,"duration_ms":9}
{"function_name":"insertion_sort","input_size":50000,"duration_ms":15529}
{"function_name":"bubble_sort","input_size":50000,"duration_ms":25521}
{"function_name":"quick_sort","input_size":50000,"duration_ms":13}
{"function_name":"std_sort","input_size":50000,"duration_ms":9}
{"function_name":"insertion_sort","input_size":50000,"duration_ms":15556}
{"function_name":"bubble_sort","input_size":50000,"duration_ms":25480}
{"function_name":"quick_sort","input_size":50000,"duration_ms":13}
{"function_name":"std_sort","input_size":50000,"duration_ms":9}
{"function_name":"insertion_sort","input_size":50000,"duration_ms":15547}
{"function_name":"bubble_sort","input_size":50000,"duration_ms":25467}
{"function_name":"quick_sort","input_size":50000,"duration_ms":13}
{"function_name":"std_sort","input_size":50000,"duration_ms":9}
{"function_name":"insertion_sort","input_size":50000,"duration_ms":15277}
{"function_name":"bubble_sort","input_size":50000,"duration_ms":25351}
{"function_name":"quick_sort","input_size":50000,"duration_ms":13}
{"function_name":"std_sort","input_size":50000,"duration_ms":8}
